CM004525.1,39959107,39959216,DUP
CM004525.1,65530121,65530518,DUP
CM004527.1,16643660,16643758,DUP
CM004527.1,29862130,29862284,DUP
CM004527.1,38846694,38846801,DUP
CM004528.1,16231267,16231720,DUP
CM004528.1,46659582,46659806,DUP
CM004528.1,50147653,50147831,DUP
CM004528.1,96472252,96472366,DUP
CM004529.1,28004024,28004219,DUP
CM004530.1,2131906,2132013,DUP
CM004530.1,46225722,46225915,DUP
CM004530.1,56527625,56528616,DUP
CM004532.1,54382910,54386783,DUP
CM004533.1,6964194,6964863,DUP
CM004533.1,12847626,12847957,DUP
CM004533.1,20773375,20773482,DUP
CM004533.1,26341712,26343167,DUP
CM004533.1,31920516,31920633,DUP
CM004533.1,32951778,32951948,DUP
CM004534.1,34366203,34366545,DUP
CM004534.1,34678862,34679239,DUP
CM004536.1,17030812,17030921,DUP
CM004536.1,20449531,20449950,DUP
CM004537.1,2892138,2892246,DUP
CM004537.1,3670585,3670703,DUP
CM004537.1,20063328,20063489,DUP
CM004540.1,17780631,17780748,DUP
CM004542.1,5432216,5433149,DUP
CM004543.1,809576,811690,DUP
CM004544.1,6164045,6164140,DUP
CM004545.1,2544442,2544562,DUP
CM004545.1,5302930,5303065,DUP
CM004545.1,6283040,6283889,DUP
CM004548.1,482487,482717,DUP
CM004548.1,2106615,2107338,DUP
CM004548.1,2348671,2349166,DUP
CM004549.1,6877713,6877817,DUP
CM004550.1,2965860,2966106,DUP
CM004550.1,5356393,5356538,DUP
CM004552.1,1467557,1467693,DUP
CM004552.1,2702289,2702475,DUP
CM004553.1,2222223,2222342,DUP
CM004553.1,2830984,2831303,DUP
CM004553.1,3155223,3155632,DUP
