chr,Start,Stop
chr1,4012760,4017253
chr1,4102646,4102739
chr1,4140380,4143057
chr1,17560231,17560400
chr1,18411264,18412115
chr1,19018682,19018800
chr1,23017581,23017701
chr1,31364375,31364485
chr1,38044662,38045082
chr1,39647631,39647725
chr1,49513776,49514080
chr1,50147654,50147831
chr1,60547159,60547380
chr1,64892014,89762488
chr1,69857421,69857546
chr1,72499278,72500974
chr1,75661692,75661967
chr1,80334839,80334989
chr1,82564924,82565045
chr1,82725318,82725535
chr1,83976497,83976614
chr1,89003587,89003694
chr1,90152774,90153331
chr1,94971569,94975270
chr1,103359535,103359639
chr1,103982594,103984174
chr1,104523887,104524009
chr1,105241589,105241757
chr1,106610814,106612833
chr1,106819376,106819587
chr1,109811380,109811531
chr1,110884628,110885064
chr1,111223143,111223326
chr1,111490188,111490581
chr10,1519040,1520379
chr10,1913014,1913405
chr10,2258963,2259164
chr10,4293766,4293873
chr10,16806990,16808897
chr10,19901807,19901920
chr10,19952737,19952893
chr11,6555790,6555917
chr12,3921636,3921767
chr12,8977195,8977288
chr12,14125681,14128016
chr12,16900228,16900424
chr13,1544850,1544993
chr13,13624545,13625529
chr13,15261635,15261777
chr13,16846750,16846854
chr14,1630713,1631037
chr14,2056333,2056712
chr14,10715854,10716034
chr14,11628003,11628122
chr14,11764205,11764329
chr14,11981226,11982850
chr14,12377302,12378247
chr14,13323882,13324017
chr15,51516,51638
chr15,1514598,1514712
chr15,11097182,11097289
chr15,13064180,13064352
chr15,13944668,13948664
chr17,57877,58022
chr17,8298793,8299161
chr18,7624967,7625160
chr19,2244160,2245484
chr19,4504744,4504854
chr19,5302931,5303065
chr19,6191945,6192096
chr19,6934881,6935282
chr1A,5504731,5504982
chr1A,11113051,11113233
chr1A,15072266,15072414
chr1A,23371579,23372012
chr1A,30266468,30266635
chr1A,30622360,30623662
chr1A,31936821,31936923
chr1A,37419766,37419869
chr1A,40443470,40443580
chr1A,41478396,41478528
chr1A,46559333,46559450
chr1A,57162243,57162639
chr1A,64852472,64852716
chr1A,68737501,68739465
chr2,7175771,7178025
chr2,8715090,8715435
chr2,9606722,94472875
chr2,13421088,13421276
chr2,15682552,15683412
chr2,17032723,98036195
chr2,28004025,28004219
chr2,33839146,33839353
chr2,42360631,42360745
chr2,42563705,42564750
chr2,47777069,47779681
chr2,53157524,53157792
chr2,53560669,53560847
chr2,68040053,68040171
chr2,74985645,74985848
chr2,76370299,76370863
chr2,95340613,95340784
chr2,97040732,97040837
chr2,106308766,106308968
chr2,112173544,112173675
chr2,123110796,123112227
chr2,124344698,124344824
chr2,130972111,130975726
chr2,131969250,131969390
chr2,144958325,144958611
chr2,147045223,147045518
chr2,147184312,147184717
chr20,10547701,10554970
chr20,14181151,14187607
chr20,14541600,14541980
chr20,14566624,14566777
chr21,903337,903459
chr21,1822607,1823219
chr21,3366563,3367044
chr22,53954,54156
chr22,1730608,1730752
chr22,3656768,3656892
chr23,1506464,1506606
chr23,4394426,4394701
chr23,6433121,6433262
chr23,6659069,6659210
chr24,1991112,1991358
chr24,2269290,2269634
chr26,6242196,6242298
chr26,6802565,6802806
chr27,2806927,2807046
chr27,2851216,2851334
chr27,2882654,2882772
chr27,3659666,3660060
chr28,2496579,2498474
chr3,2755393,2755519
chr3,4070912,4071903
chr3,6459649,6459937
chr3,7581389,7581486
chr3,7926133,7926260
chr3,19613720,19613826
chr3,22936535,22937859
chr3,32112231,32114337
chr3,33424798,33425153
chr3,34061140,34061452
chr3,38763739,38763931
chr3,41370772,41372488
chr3,42583161,42583282
chr3,43377679,43377793
chr3,46202594,46204472
chr3,48995006,48995177
chr3,50632690,50632809
chr3,54314832,54319374
chr3,67814026,67814183
chr3,73525759,73526077
chr3,75740314,75740520
chr3,76490824,76491047
chr3,80311513,80311681
chr3,80585513,80585721
chr3,83764074,83765028
chr3,86552130,86552353
chr3,91498248,91498397
chr3,92461189,92461650
chr3,108902646,108903000
chr3,109616851,109752801
chr3,110846877,110847286
chr4,615961,616087
chr4,2901615,2901740
chr4,5632522,5632639
chr4,10407845,10408175
chr4,31352446,31352563
chr4,37148216,37148347
chr4,41251207,41251465
chr4,42231909,42232059
chr4,42836776,42836931
chr4,47123562,47123719
chr4,53594543,53594890
chr4,57186766,57186875
chr4,57729999,57730134
chr4,60412889,60413311
chr4,61942392,61942780
chr4,69781086,69781272
chr5,1094000,1094115
chr5,2837976,2838120
chr5,21920770,21920902
chr5,26657819,26657925
chr5,28322764,28323555
chr5,30131021,30131132
chr5,39110154,39110509
chr5,49146058,49146328
chr5,49508359,49508647
chr5,52878694,52878811
chr5,60988464,60988597
chr6,6366733,6449284
chr6,7201961,7202273
chr6,15980995,15981325
chr6,17861242,17862813
chr6,24094607,24094717
chr6,25495391,25495883
chr6,29261474,29261621
chr6,30317010,30317116
chr6,32033063,32033271
chr6,33151338,33151888
chr6,34972779,34972948
chr7,147546,147650
chr7,650688,650848
chr7,1917689,1917904
chr7,3130351,3130457
chr7,3880846,3880981
chr7,13443075,13443245
chr7,20792018,20793607
chr7,21091614,21091730
chr7,26429454,26429719
chr7,27778637,27778857
chr7,27910205,27910385
chr7,28628507,28628716
chr7,33859113,33859402
chr8,528252,528451
chr8,1256563,1256724
chr8,11038276,11038451
chr8,13111540,13111899
chr8,22187939,22189405
chr8,23499025,23499149
chr8,26443052,26443225
chr8,26715456,26715586
chr8,28191367,28193180
chr8,32436740,32441018
chr8,32468601,32468700
chr8,38128658,38128767
chr8,41679954,41680553
chr8,46347572,46347727
chr8,47752062,47752303
chr9,7421443,7421616
chr9,11627654,11627768
chr9,18120538,18120695
chrZ,16354704,16354872
chrZ,19847277,19847431
chrZ,26380623,26380776
chrZ,30510441,30510579
chrZ,37821974,37822315
chrZ,38371170,38373581
chrZ,61300024,61300146
chrZ,62253641,62253747
