CM004536.1	121446	127480
CM004536.1	40212	42648
CM004536.1	12755	27791
CM004536.1	43647	65742
CM004536.1	174887	178306
CM004536.1	84555	89825
CM004536.1	58942	81178
CM004536.1	94777	98656
CM004536.1	462155	463155
CM004536.1	454002	456646
CM004536.1	525099	525642
CM004536.1	359113	365424
CM004536.1	339984	344267
CM004536.1	377757	388106
CM004536.1	420261	429828
CM004536.1	398568	400090
CM004536.1	330226	334306
CM004536.1	397574	399222
CM004536.1	537780	540097
CM004536.1	703837	711121
CM004536.1	798255	823970
CM004536.1	601617	602168
CM004536.1	753025	756043
CM004536.1	850566	879773
CM004536.1	731565	744890
CM004536.1	1051087	1055509
CM004536.1	1179913	1185463
CM004536.1	940197	955508
CM004536.1	1014393	1023049
CM004536.1	919761	923993
CM004536.1	1026125	1028775
CM004536.1	912362	914264
CM004536.1	1126511	1127180
CM004536.1	1115460	1120560
CM004536.1	1458923	1463364
CM004536.1	1431565	1438169
CM004536.1	1441566	1442716
CM004536.1	1400428	1404778
CM004536.1	1465730	1472404
CM004536.1	1300965	1304064
CM004536.1	1498032	1500451
CM004536.1	1488965	1497622
CM004536.1	1537988	1541496
CM004536.1	10561577	10566221
CM004536.1	10726560	10733328
CM004536.1	10600840	10616547
CM004536.1	10703061	10709771
CM004536.1	10997889	11004643
CM004536.1	10946145	10949226
CM004536.1	11010244	11016470
CM004536.1	10797382	10817547
CM004536.1	10864851	10867294
CM004536.1	10958394	10967172
CM004536.1	11516841	11539413
CM004536.1	11689806	11703698
CM004536.1	11843595	11844894
CM004536.1	11675845	11679906
CM004536.1	11632596	11672223
CM004536.1	11977093	11988560
CM004536.1	11912407	11937440
CM004536.1	11880288	11882864
CM004536.1	11885450	11898873
CM004536.1	12207772	12212421
CM004536.1	12163325	12168137
CM004536.1	12181512	12189435
CM004536.1	12089159	12099341
CM004536.1	12426886	12429073
CM004536.1	12401224	12420422
CM004536.1	12449570	12458493
CM004536.1	12978745	12980075
CM004536.1	12966911	12970392
CM004536.1	12983791	12985408
CM004536.1	13331900	13339518
CM004536.1	13304725	13316364
CM004536.1	13973839	13989146
CM004536.1	14330905	14344953
CM004536.1	14349161	14365157
CM004536.1	14247319	14249236
CM004536.1	14249956	14279073
CM004536.1	14367448	14389307
CM004536.1	14537478	14548461
CM004536.1	14409319	14448672
CM004536.1	14449935	14480879
CM004536.1	14490048	14508909
CM004536.1	14584473	14591913
CM004536.1	14831390	14874799
CM004536.1	14764990	14771809
CM004536.1	14699350	14706436
CM004536.1	14652620	14694000
CM004536.1	15445164	15451142
CM004536.1	15369828	15393991
CM004536.1	15459129	15466217
CM004536.1	15515490	15518128
CM004536.1	15428027	15429788
CM004536.1	15535432	15537738
CM004536.1	15465283	15501049
CM004536.1	15380158	15414700
CM004536.1	15660043	15668555
CM004536.1	15622635	15652595
CM004536.1	15657258	15660010
CM004536.1	15678648	15698982
CM004536.1	15546917	15602000
CM004536.1	15603391	15621732
CM004536.1	16169139	16175212
CM004536.1	16454330	16463397
CM004536.1	16450364	16453668
CM004536.1	16464542	16474049
CM004536.1	16493658	16497614
CM004536.1	16482710	16483881
CM004536.1	16437946	16440691
CM004536.1	16476930	16480540
CM004536.1	16725757	16746180
CM004536.1	16764048	16772901
CM004536.1	16707472	16717817
CM004536.1	16489292	16492594
CM004536.1	16554591	16608223
CM004536.1	16447054	16448525
CM004536.1	16516269	16531462
CM004536.1	16621391	16623195
CM004536.1	17043112	17062019
CM004536.1	16961157	16980523
CM004536.1	17024133	17034654
CM004536.1	17149084	17151084
CM004536.1	17194657	17227269
CM004536.1	17083252	17090278
CM004536.1	17481924	17490474
CM004536.1	18226821	18229239
CM004536.1	18553192	18569380
CM004536.1	18336577	18341788
CM004536.1	18473430	18478406
CM004536.1	18714564	18717421
CM004536.1	18626345	18632320
CM004536.1	18639076	18644418
CM004536.1	18624241	18625660
CM004536.1	18655111	18656118
CM004536.1	18721881	18775221
CM004536.1	18687097	18687366
CM004536.1	18605543	18607486
CM004536.1	18657934	18680628
CM004536.1	20641124	20651810
CM004536.1	20614692	20626328
CM004536.1	20506182	20516064
CM004536.1	20569419	20575438
CM004536.1	20534726	20543320
CM004536.1	20550935	20551963
CM004536.1	20485124	20488772
CM004536.1	20545544	20548756
CM004536.1	20580536	20582896
CM004536.1	20696728	20708807
CM004536.1	20818232	20821773
CM004536.1	20748551	20756308
CM004536.1	20713014	20716737
CM004536.1	20813858	20817003
CM004536.1	20720124	20733203
CM004536.1	20785927	20789771
CM004536.1	20798845	20800791
CM004536.1	24038427	24059387
CM004536.1	24143642	24155626
CM004536.1	24001368	24003582
CM004536.1	24213533	24223637
CM004536.1	24546909	24553861
CM004536.1	24587803	24592966
CM004536.1	24627535	24628390
CM004536.1	24554444	24567995
CM004536.1	24630354	24636184
CM004536.1	25076030	25089148
CM004552.1	130549	137554
CM004552.1	235493	258893
CM004552.1	213188	214470
CM004552.1	196732	202563
CM004552.1	96224	99863
CM004552.1	175511	178493
CM004552.1	222571	233740
CM004552.1	6525	35408
CM004552.1	216077	221830
CM004552.1	264220	267997
CM004552.1	86831	95388
CM004552.1	582181	584021
CM004552.1	307218	311364
CM004552.1	541505	555720
CM004552.1	504988	511786
CM004552.1	589403	591965
CM004552.1	622485	626088
CM004552.1	643813	647685
CM004552.1	592643	596567
CM004552.1	697413	702654
CM004552.1	631646	635271
CM004552.1	714709	722217
CM004552.1	663404	672807
CM004552.1	653191	659229
CM004552.1	843346	844796
CM004552.1	602217	605461
CM004552.1	1376896	1389599
CM004552.1	1419654	1431375
CM004552.1	1466949	1468970
CM004552.1	1437512	1441083
CM004552.1	1474962	1477485
CM004552.1	1399588	1400467
CM004552.1	1478821	1486840
CM004552.1	1749505	1751892
CM004552.1	1552478	1554976
CM004552.1	1676089	1677149
CM004552.1	1793430	1795132
CM004552.1	1770075	1773113
CM004552.1	1717695	1725471
CM004552.1	1702023	1706245
CM004552.1	1754668	1757949
CM004552.1	1514098	1518010
CM004552.1	1532262	1542422
CM004552.1	1680494	1691050
CM004552.1	1558627	1566131
CM004552.1	1638735	1650515
CM004552.1	1543755	1550162
CM004552.1	1606597	1611656
CM004552.1	1848852	1857387
CM004552.1	1861726	1863276
CM004552.1	1935910	1939088
CM004552.1	1807795	1809086
CM004552.1	2482735	2488187
CM004552.1	2436971	2438413
CM004552.1	2410314	2416750
CM004552.1	2442518	2447643
CM004552.1	2433796	2436068
CM004552.1	2407423	2408698
CM004552.1	2616275	2619243
CM004552.1	2721021	2743415
CM004552.1	2671059	2706561
CM004552.1	4120987	4143529
CM004552.1	4110157	4110384
CM004552.1	4397488	4406950
CM004552.1	4423145	4429845
CM004552.1	4433224	4437557
CM004552.1	4383715	4384053
CM004552.1	4699738	4701039
CM004552.1	4758074	4760231
CM004552.1	4725345	4731306
CM004552.1	4766205	4768438
CM004552.1	4743644	4749495
CM004552.1	4669839	4672928
CM004552.1	4680927	4687644
CM004552.1	4762008	4762931
CM004552.1	4621638	4623979
CM004552.1	4495255	4498190
CM004552.1	4656485	4666972
CM004552.1	4732407	4739253
CM004552.1	4513479	4541157
CM004552.1	4577011	4600521
CM004552.1	4570283	4574634
CM004552.1	4838850	4853106
CM004552.1	4925093	4927851
CM004552.1	4797304	4802439
CM004552.1	4903874	4911150
CM004552.1	5015672	5021399
CM004552.1	4826727	4834535
CM004552.1	5008275	5009700
CM004552.1	5026435	5027985
CM004552.1	4853987	4856441
CM004552.1	4999727	5003776
CM004552.1	4972393	4975304
CM004552.1	5592143	5596572
CM004552.1	5505032	5505742
CM004552.1	5656441	5670954
CM004552.1	5601587	5619584
CM004552.1	5621143	5626697
CM004552.1	5635594	5643052
CM004552.1	5672803	5675430
CM004552.1	5549521	5554684
CM004552.1	5650721	5653742
CM004552.1	5561686	5564730
CM004552.1	5572825	5579228
CM004552.1	5686801	5717629
CM004552.1	6796819	6812810
CM004552.1	6881081	6883385
CM004552.1	6720413	6734012
CM004552.1	6652826	6670269
CM004544.1	262777	272153
CM004544.1	186493	188379
CM004544.1	157836	165544
CM004544.1	258354	261909
CM004544.1	63452	83123
CM004544.1	231850	237045
CM004544.1	129339	142606
CM004544.1	274430	278429
CM004544.1	245831	248083
CM004544.1	166026	169140
CM004544.1	282909	285209
CM004544.1	90292	124345
CM004544.1	10330	19327
CM004544.1	144349	157351
CM004544.1	176368	185601
CM004544.1	189973	193043
CM004544.1	166761	169910
CM004544.1	380995	391118
CM004544.1	289035	297408
CM004544.1	355843	358478
CM004544.1	473320	480301
CM004544.1	349674	350934
CM004544.1	299769	301336
CM004544.1	465934	467801
CM004544.1	320074	326303
CM004544.1	455040	456435
CM004544.1	427673	433852
CM004544.1	326923	330244
CM004544.1	308466	311854
CM004544.1	331535	339696
CM004544.1	392808	421057
CM004544.1	343687	347633
CM004544.1	482375	489853
CM004544.1	448109	452220
CM004544.1	359132	361311
CM004544.1	353437	354363
CM004544.1	354445	355447
CM004544.1	741709	743604
CM004544.1	707525	716163
CM004544.1	622580	626255
CM004544.1	610227	614602
CM004544.1	745689	747597
CM004544.1	751000	781550
CM004544.1	717588	722494
CM004544.1	726792	733653
CM004544.1	783761	789410
CM004544.1	633415	634443
CM004544.1	654103	656004
CM004544.1	675259	682811
CM004544.1	723197	725152
CM004544.1	920045	922415
CM004544.1	1163730	1165626
CM004544.1	1140629	1141984
CM004544.1	1101288	1104421
CM004544.1	926764	929503
CM004544.1	970279	976382
CM004544.1	847762	863515
CM004544.1	1080218	1090913
CM004544.1	1147150	1147440
CM004544.1	1078108	1079986
CM004544.1	1150663	1152671
CM004544.1	1043133	1045565
CM004544.1	1157691	1158981
CM004544.1	1094259	1096346
CM004544.1	1167128	1171754
CM004544.1	1120509	1138852
CM004544.1	1180235	1181576
CM004544.1	983988	992093
CM004544.1	1007886	1017746
CM004544.1	1142666	1143089
CM004544.1	1174808	1179024
CM004544.1	1028710	1029663
CM004544.1	1105378	1111528
CM004544.1	1020782	1023337
CM004544.1	1026001	1027974
CM004544.1	1250564	1268680
CM004544.1	1280378	1281319
CM004544.1	1285284	1286291
CM004544.1	1299925	1308330
CM004544.1	1288644	1290610
CM004544.1	1526393	1528984
CM004544.1	11166341	11172621
CM004544.1	11102237	11106839
CM004544.1	11119631	11122633
CM004548.1	281970	283093
CM004548.1	223532	237668
CM004548.1	208501	218579
CM004548.1	130895	135201
CM004548.1	148652	153077
CM004548.1	241802	253938
CM004548.1	159524	181835
CM004548.1	141566	142525
CM004548.1	570459	574962
CM004548.1	494065	497076
CM004548.1	475592	478044
CM004548.1	561228	568559
CM004548.1	395171	401788
CM004548.1	326302	328834
CM004548.1	465305	468283
CM004548.1	291358	306632
CM004548.1	370795	372110
CM004548.1	462060	465251
CM004548.1	468731	475162
CM004548.1	407353	410845
CM004548.1	480835	484952
CM004548.1	350587	354552
CM004548.1	345107	349050
CM004548.1	499512	506717
CM004548.1	783086	784882
CM004548.1	650071	660586
CM004548.1	699128	717559
CM004548.1	672675	679034
CM004548.1	832653	834416
CM004548.1	624540	625677
CM004548.1	604710	615207
CM004548.1	617137	622563
CM004548.1	751674	779636
CM004548.1	638846	646678
CM004548.1	812762	813692
CM004548.1	798692	799534
CM004548.1	802754	804945
CM004548.1	660730	670882
CM004548.1	806685	812539
CM004548.1	788926	796149
CM004548.1	680968	687519
CM004548.1	1002781	1003644
CM004548.1	981243	993934
CM004548.1	1031371	1043088
CM004548.1	960505	965892
CM004548.1	1007097	1015296
CM004548.1	969620	975929
CM004548.1	978703	980778
CM004548.1	1602328	1621961
CM004548.1	1789076	1789678
CM004548.1	1888593	1895187
CM004548.1	1837755	1841501
CM004548.1	1848850	1849742
CM004548.1	1857935	1861766
CM004548.1	1901802	1905066
CM004548.1	1862837	1867808
CM004548.1	1870669	1871485
CM004548.1	2291973	2295376
CM004548.1	2101108	2114129
CM004548.1	2278908	2280209
CM004548.1	2312656	2318661
CM004548.1	2346951	2356800
CM004548.1	2193359	2196476
CM004548.1	2297677	2305485
CM004548.1	2172712	2175970
CM004548.1	2260378	2263955
CM004548.1	2376290	2380922
CM004548.1	2243095	2244124
CM004548.1	2372844	2374360
CM004548.1	2096656	2098074
CM004548.1	2282364	2285047
CM004548.1	2238747	2242167
CM004548.1	2198032	2199318
CM004548.1	2231426	2234750
CM004548.1	2215245	2222020
CM004548.1	2162029	2166052
CM004548.1	2147951	2148525
CM004548.1	2549066	2553311
CM004548.1	2556778	2557790
CM004548.1	3097790	3159540
CM004548.1	3172801	3178742
CM004548.1	3453091	3459382
CM004548.1	3534591	3552315
CM004548.1	3469534	3474037
CM004548.1	3591133	3593477
CM004525.1	1129810	1131510
CM004525.1	1065000	1094552
CM004525.1	1465027	1468779
CM004525.1	1474889	1478136
CM004525.1	1650416	1651171
CM004525.1	1881112	1890876
CM004525.1	1926949	1937703
CM004525.1	1848115	1853752
CM004525.1	2023255	2057749
CM004525.1	2499124	2506372
CM004525.1	2594106	2620331
CM004525.1	2464470	2487216
CM004525.1	2659011	2666012
CM004525.1	2489273	2499024
CM004525.1	4327844	4333219
CM004525.1	4445257	4463142
CM004525.1	4468422	4480973
CM004525.1	4365423	4373606
CM004525.1	4482377	4489615
CM004525.1	4198993	4224673
CM004525.1	4387125	4437373
CM004525.1	4838948	4855311
CM004525.1	4858757	4872559
CM004525.1	4988936	5006000
CM004525.1	4877836	4887024
CM004525.1	4898718	4905333
CM004525.1	5013844	5035152
CM004525.1	4805712	4811129
CM004525.1	5439554	5446041
CM004525.1	69820889	69826878
CM004525.1	69778651	69779811
CM004525.1	69828436	69837974
CM004525.1	69730714	69742374
CM004525.1	69851745	69869099
CM004525.1	69717417	69724530
CM004525.1	69656888	69662497
CM004525.1	69669215	69677244
CM004525.1	69731798	69754562
CM004525.1	69802830	69806869
CM004525.1	69756767	69765674
CM004525.1	69771179	69772447
CM004525.1	69631237	69632109
CM004531.1	52380	57355
CM004531.1	109210	125335
CM004531.1	93069	103352
CM004531.1	12214	13725
CM004531.1	2606133	2611444
CM004531.1	2633114	2639966
CM004531.1	2693915	2696759
CM004531.1	2686310	2687314
CM004531.1	3055838	3059532
CM004531.1	3113479	3128970
CM004531.1	3011780	3053169
CM004531.1	3146755	3190836
CM004531.1	3070247	3091854
CM004531.1	3256733	3262763
CM004531.1	3301265	3304640
CM004531.1	3331244	3346102
CM004531.1	3492285	3495986
CM004531.1	3386198	3393256
CM004531.1	3356565	3358447
CM004531.1	3398840	3399968
CM004531.1	3497366	3498793
CM004531.1	3370346	3377051
CM004531.1	3755749	3759104
CM004531.1	3849025	3854346
CM004531.1	3712213	3720997
CM004531.1	4067589	4148795
CM004531.1	3969920	3974523
CM004531.1	4149823	4169980
CM004531.1	3926479	3939812
CM004531.1	3977729	3981855
CM004531.1	3983286	3999291
CM004531.1	4000125	4032622
CM004553.1	3177093	3178280
CM004553.1	3097032	3100162
CM004553.1	3204682	3214715
CM004553.1	3022462	3024817
CM004553.1	3236105	3254036
CM004553.1	3032469	3037776
CM004553.1	3121621	3136936
CM004553.1	3088074	3091455
CM004553.1	3012290	3016552
CM004553.1	3110637	3113649
CM004553.1	3058177	3063068
CM004553.1	3149049	3161999
CM004553.1	3075384	3079054
CM004553.1	3045809	3053777
CM004553.1	3066876	3069484
CM004553.1	3138033	3143091
CM004553.1	3226197	3235004
CM004553.1	3258032	3261547
CM004553.1	3219129	3220024
CM004553.1	3276808	3277979
CM004553.1	3587258	3588334
CM004553.1	3639855	3654472
CM004553.1	3371984	3389979
CM004553.1	3433814	3434611
CM004553.1	3344645	3349182
CM004553.1	3672642	3695230
CM004553.1	3699631	3702559
CM004553.1	3537945	3540719
CM004553.1	3491332	3493726
CM004553.1	3393501	3395505
CM004553.1	3608825	3630995
CM004553.1	3329195	3331649
CM004553.1	3349009	3355876
CM004553.1	3398079	3403330
CM004553.1	3315434	3324843
CM004553.1	3442096	3446454
CM004553.1	3546318	3560774
CM004553.1	3284455	3286435
CM004553.1	3495279	3499317
CM004553.1	3302508	3309025
CM004553.1	3508447	3515784
CM004553.1	3412565	3418487
CM004546.1	29454	51530
CM004546.1	216891	222156
CM004546.1	172802	203854
CM004546.1	365508	382216
CM004546.1	300481	332218
CM004546.1	339192	357155
CM004546.1	387040	388307
CM004546.1	413925	415925
CM004546.1	534617	542591
CM004546.1	332484	334505
CM004546.1	644365	648866
CM004546.1	742404	743264
CM004546.1	653708	655465
CM004546.1	586337	608887
CM004546.1	706661	710742
CM004546.1	637844	640619
CM004546.1	720939	724680
CM004546.1	955081	963070
CM004546.1	888798	896806
CM004546.1	1044281	1050605
CM004546.1	1024455	1030238
CM004546.1	904046	906046
CM004546.1	990032	996983
CM004546.1	1403001	1408502
CM004546.1	1297132	1309333
CM004546.1	1239238	1275583
CM004546.1	4740896	4755194
CM004546.1	4758586	4764401
CM004546.1	4668560	4680257
CM004546.1	4652973	4659956
CM004546.1	4683292	4700371
CM004546.1	4700645	4702881
CM004546.1	4662087	4666200
CM004546.1	4598819	4632709
CM004546.1	4989211	4992245
CM004546.1	4980990	4983919
CM004546.1	4881776	4885188
CM004546.1	4888702	4894496
CM004546.1	4765797	4810161
CM004546.1	5319166	5323889
CM004546.1	5311037	5313017
CM004546.1	5208213	5212344
CM004546.1	5349919	5361081
CM004546.1	5362866	5367407
CM004546.1	5423720	5426933
CM004546.1	5432893	5450641
CM004546.1	5394486	5405397
CM004546.1	5383254	5385517
CM004546.1	5871957	5887612
CM004546.1	5772960	5778231
CM004546.1	5842573	5859044
CM004546.1	5928124	5945825
CM004546.1	5755434	5760868
CM004546.1	5948445	5965285
CM004546.1	5782500	5800099
CM004546.1	5807979	5813345
CM004546.1	6099924	6101396
CM004546.1	6135429	6138007
CM004546.1	6185653	6192044
CM004546.1	6047741	6056778
CM004546.1	6124113	6132199
CM004546.1	6138922	6145831
CM004546.1	6208350	6236501
CM004546.1	6093641	6095763
CM004546.1	6146396	6154149
CM004546.1	6517705	6519809
CM004546.1	6589885	6595512
CM004546.1	6478220	6481987
CM004546.1	6369028	6372455
CM004546.1	6550127	6575069
CM004546.1	6485757	6500441
CM004546.1	6610442	6613205
CM004546.1	6614783	6620607
CM004546.1	6820618	6823830
CM004546.1	6643588	6647249
CM004546.1	6787001	6787893
CM004546.1	6674729	6682446
CM004546.1	6814763	6820091
CM004546.1	6797273	6799425
CM004546.1	7071191	7074317
CM004546.1	6933589	6940993
CM004546.1	7042420	7048997
CM004546.1	6951916	6970276
CM004546.1	7189360	7191738
CM004546.1	7154536	7158039
CM004546.1	7175237	7178242
CM004546.1	7142944	7144168
CM004546.1	7077026	7078913
CM004546.1	7011444	7011842
CM004546.1	6916159	6917494
CM004546.1	7116641	7123171
CM004546.1	7080604	7085338
CM004546.1	6994250	6996615
CM004546.1	6844361	6849630
CM004546.1	7012194	7015805
CM004546.1	7095064	7096313
CM004546.1	7438126	7449724
CM004546.1	7415137	7418366
CM004546.1	7304453	7310244
CM004546.1	7224713	7230916
CM004546.1	7250562	7260336
CM004546.1	7391691	7400600
CM004546.1	7423139	7428847
CM004546.1	7245230	7247475
CM004546.1	7302145	7304032
CM004546.1	7371581	7375266
CM004546.1	7379122	7385214
CM004546.1	7210204	7220023
CM004546.1	7316957	7322547
CM004546.1	7336305	7338702
CM004546.1	7409818	7412102
CM004546.1	7329925	7332746
CM004546.1	7572528	7580583
CM004546.1	7552643	7567802
CM004546.1	7538867	7542964
CM004546.1	7458086	7463112
CM004546.1	7671246	7676851
CM004546.1	7627287	7634530
CM004533.1	138609	142008
CM004533.1	110710	117038
CM004533.1	182552	184358
CM004533.1	31302	56090
CM004533.1	63677	78192
CM004533.1	83098	177752
CM004533.1	5736	28427
CM004533.1	583632	590650
CM004533.1	473548	478701
CM004533.1	694850	698410
CM004533.1	701353	713546
CM004533.1	599696	609529
CM004533.1	621482	650165
CM004533.1	19482821	19491907
CM004533.1	19689767	19716376
CM004533.1	19548856	19577076
CM004533.1	19529480	19538729
CM004533.1	19514895	19520658
CM004533.1	19498990	19502320
CM004533.1	33743481	33752152
CM004533.1	33864628	33865148
CM004533.1	33852590	33861106
CM004533.1	33757279	33771920
CM004533.1	33723465	33735511
CM004533.1	33808339	33828818
CM004533.1	33710424	33710969
CM004533.1	34071284	34092384
CM004533.1	34095233	34116571
CM004533.1	34062761	34068045
CM004533.1	33889659	33898206
CM004533.1	33938951	33958781
CM004533.1	33902379	33912761
CM004533.1	33992324	33995587
CM004533.1	33877515	33889052
CM004533.1	33981651	33984763
CM004533.1	33996431	34021865
CM004533.1	34027731	34042727
CM004533.1	34294947	34304029
CM004533.1	34500175	34501587
CM004526.1	120315	122291
CM004526.1	254741	260117
CM004526.1	335118	341350
CM004526.1	415819	438625
CM004526.1	249211	250296
CM004526.1	268590	280838
CM004526.1	126372	130855
CM004526.1	131451	142461
CM004526.1	285166	290415
CM004526.1	107570	108361
CM004526.1	293146	297898
CM004526.1	73502	101691
CM004526.1	445257	445730
CM004526.1	211098	227607
CM004526.1	303246	307001
CM004526.1	148709	180338
CM004526.1	148185	148415
CM004526.1	207935	209448
CM004540.1	1187978	1191412
CM004540.1	3880759	3889717
CM004540.1	3963916	3985139
CM004540.1	3910520	3918454
CM004540.1	4004094	4013506
CM004540.1	3986248	3999027
CM004540.1	4088753	4092057
CM004540.1	5870995	5881479
CM004540.1	5856896	5864449
CM004540.1	12458064	12460598
CM004540.1	12344924	12349874
CM004540.1	12444431	12452242
CM004540.1	12416154	12422945
CM004540.1	12746644	12751916
CM004540.1	12594911	12600302
CM004540.1	12720843	12726132
CM004540.1	12576532	12584694
CM004540.1	12685620	12698025
CM004540.1	12704283	12715705
CM004540.1	12613367	12614493
CM004540.1	12728550	12744124
CM004540.1	13413412	13420942
CM004540.1	13467188	13470984
CM004540.1	13341496	13354147
CM004540.1	13474152	13481307
CM004540.1	13365292	13386666
CM004540.1	13393514	13404539
CM004540.1	13298485	13308992
CM004540.1	13459377	13466622
CM004540.1	13387464	13389320
CM004540.1	13425173	13440110
CM004540.1	13840037	13844174
CM004540.1	14378934	14380051
CM004540.1	14171690	14182065
CM004540.1	14382764	14385778
CM004540.1	14117784	14144056
CM004540.1	14232989	14243646
CM004540.1	14216680	14221328
CM004540.1	14203230	14206700
CM004540.1	14301263	14303486
CM004540.1	14637033	14638807
CM004540.1	14661172	14662705
CM004540.1	14593009	14601654
CM004540.1	14547519	14555194
CM004540.1	14647206	14653363
CM004540.1	14416045	14427720
CM004540.1	14612559	14616108
CM004540.1	14560818	14565477
CM004540.1	14664432	14678777
CM004540.1	14477483	14478838
CM004540.1	14451154	14455365
CM004540.1	14684863	14692962
CM004540.1	14495827	14500581
CM004540.1	14653844	14658949
CM004540.1	14605639	14610241
CM004540.1	14618592	14627825
CM004540.1	14387589	14390204
CM004540.1	14402203	14404311
CM004540.1	14431540	14434767
CM004540.1	14394720	14401442
CM004540.1	14407915	14412750
CM004540.1	14639351	14640275
CM004540.1	14501106	14505857
CM004540.1	14635282	14636669
CM004540.1	14473205	14476217
CM004540.1	14641789	14644239
CM004540.1	14404492	14404927
CM004540.1	14744466	14746603
CM004540.1	14739326	14743191
CM004540.1	14751571	14753966
CM004540.1	14780690	14789554
CM004540.1	14735944	14737804
CM004540.1	14770631	14778986
CM004540.1	14720711	14723612
CM004540.1	14701336	14709929
CM004540.1	14728361	14731522
CM004540.1	14789933	14802917
CM004540.1	14755179	14756255
CM004540.1	16322725	16326352
CM004540.1	16332410	16334920
CM004540.1	16276597	16295929
CM004540.1	16479659	16493532
CM004540.1	16309704	16316266
CM004540.1	16422417	16430400
CM004540.1	16224801	16238494
CM004540.1	16377544	16384319
CM004540.1	16389412	16391460
CM004540.1	16506477	16510485
CM004540.1	16533591	16536486
CM004540.1	16583120	16586329
CM004540.1	16519363	16523681
CM004540.1	16499381	16503562
CM004540.1	16720922	16733903
CM004540.1	16637986	16642911
CM004540.1	16613952	16631550
CM004540.1	16652659	16655905
CM004540.1	16623971	16630085
CM004540.1	16777581	16787601
CM004540.1	16828706	16830834
CM004540.1	16907988	16914159
CM004540.1	16817844	16820330
CM004540.1	16823388	16824302
CM004540.1	17077423	17082470
CM004540.1	16932080	16941803
CM004540.1	16891007	16905640
CM004540.1	16806852	16807768
CM004540.1	16914835	16919131
CM004540.1	16808559	16810564
CM004540.1	16835794	16847626
CM004540.1	17019415	17024392
CM004540.1	16879834	16886935
CM004540.1	16848563	16861612
CM004540.1	17345848	17347647
CM004540.1	17332912	17337972
CM004540.1	17180523	17185720
CM004540.1	17171924	17173129
CM004540.1	17633823	17652219
CM004540.1	17570376	17573774
CM004540.1	17608358	17633414
CM004540.1	17910918	17930436
CM004540.1	17774967	17781696
CM004540.1	17965939	17973542
CM004540.1	17934786	17936114
CM004540.1	17996802	18000196
CM004540.1	17898164	17905851
CM004540.1	17674706	17700341
CM004540.1	17860610	17869203
CM004540.1	17832124	17850517
CM004540.1	17704837	17715734
CM004540.1	17873152	17891009
CM004540.1	17783553	17797538
CM004543.1	16138	21626
CM004543.1	175323	180233
CM004543.1	44510	56128
CM004543.1	291236	294679
CM004543.1	282904	284009
CM004543.1	278077	281729
CM004543.1	286237	288832
CM004543.1	88543	108602
CM004543.1	192664	213090
CM004543.1	182042	183683
CM004543.1	233296	237319
CM004543.1	186971	188686
CM004543.1	113336	129792
CM004543.1	243475	246769
CM004543.1	23098	25650
CM004543.1	334889	337826
CM004543.1	296079	307102
CM004543.1	352400	353339
CM004543.1	427900	433847
CM004543.1	312573	319193
CM004543.1	375529	381564
CM004543.1	338950	349223
CM004543.1	728391	734808
CM004543.1	618082	630769
CM004530.1	430536	435276
CM004530.1	338705	348888
CM004530.1	424762	430485
CM004530.1	578572	592219
CM004530.1	573854	576819
CM004530.1	353516	360757
CM004530.1	464759	475271
CM004530.1	747811	748395
CM004530.1	778583	785287
CM004530.1	770767	772875
CM004530.1	817042	833160
CM004530.1	790026	810403
CM004530.1	1071557	1081869
CM004530.1	1056336	1067282
CM004530.1	1388978	1392081
CM004530.1	1414870	1432742
CM004530.1	2553284	2564484
CM004530.1	110908154	110912053
CM004530.1	110429693	110459225
CM004530.1	110844517	110847506
CM004530.1	110695869	110698016
CM004550.1	141082	142513
CM004550.1	65309	70936
CM004550.1	193320	199277
CM004550.1	18920	24600
CM004550.1	135874	138212
CM004550.1	207443	238039
CM004550.1	27003	33340
CM004550.1	249497	259182
CM004550.1	202636	203514
CM004550.1	138994	139471
CM004550.1	50884	63557
CM004550.1	77671	87819
CM004550.1	200108	201934
CM004550.1	36235	45577
CM004550.1	165073	177444
CM004550.1	269957	287712
CM004550.1	187507	193369
CM004550.1	150617	163390
CM004550.1	142616	150414
CM004550.1	5884	18248
CM004550.1	262114	263573
CM004550.1	380433	385600
CM004550.1	296175	301163
CM004550.1	445548	446224
CM004550.1	306419	309384
CM004550.1	877279	881046
CM004550.1	821941	822400
CM004550.1	807296	827971
CM004550.1	837667	839899
CM004550.1	788842	792641
CM004550.1	794546	798021
CM004550.1	798709	803882
CM004550.1	1165496	1168164
CM004550.1	910664	916882
CM004550.1	894465	895796
CM004550.1	1173636	1181164
CM004550.1	886177	891528
CM004550.1	1120682	1122407
CM004550.1	1160338	1161668
CM004550.1	1124875	1126692
CM004550.1	919735	925462
CM004550.1	1137082	1140679
CM004550.1	960740	976047
CM004550.1	897365	908576
CM004550.1	1153628	1155638
CM004550.1	1092273	1095167
CM004550.1	1182247	1186005
CM004550.1	1073158	1075009
CM004550.1	1169140	1172474
CM004550.1	984110	986685
CM004550.1	1660758	1664062
CM004550.1	1654479	1656807
CM004550.1	1665970	1679829
CM004550.1	1755740	1759643
CM004550.1	1650754	1652199
CM004550.1	1699420	1712737
CM004550.1	1735843	1746474
CM004550.1	1609883	1617821
CM004550.1	1880957	1883842
CM004550.1	2163358	2173232
CM004550.1	2122205	2124762
CM004550.1	6169366	6170648
CM004550.1	6184534	6189889
CM004550.1	6428151	6429739
CM004550.1	6371649	6373420
CM004550.1	6386249	6387364
CM004550.1	6486443	6501604
CM004550.1	6984234	6996138
CM004550.1	6858060	6863159
CM004550.1	6790602	6796831
CM004550.1	7000843	7017610
CM004550.1	7034303	7044998
CM004550.1	6965473	6975800
CM004550.1	6870792	6874298
CM004550.1	6887470	6907811
CM004539.1	220299	222179
CM004539.1	190896	210133
CM004539.1	77628	78747
CM004539.1	106658	109457
CM004539.1	99542	105125
CM004539.1	222969	231266
CM004539.1	87681	96275
CM004539.1	123746	123952
CM004539.1	213452	218529
CM004539.1	4761395	4784376
CM004539.1	4701733	4746113
CM004539.1	4796098	4802256
CM004539.1	4807870	4809363
CM004539.1	5751876	5756600
CM004539.1	5719428	5720383
CM004539.1	5708859	5714747
CM004539.1	5810656	5819170
CM004539.1	5865623	5869219
CM004539.1	5856746	5862376
CM004539.1	5830541	5838184
CM004539.1	5759899	5764892
CM004539.1	6060684	6063486
CM004539.1	6083368	6091535
CM004539.1	6112618	6120514
CM004539.1	6097967	6106098
CM004539.1	6121814	6124758
CM004539.1	6485913	6513048
CM004539.1	6757396	6766141
CM004539.1	6524988	6528616
CM004539.1	7448114	7463998
CM004539.1	7218619	7236758
CM004539.1	7386869	7398536
CM004539.1	7272428	7294511
CM004539.1	7241160	7263882
CM004539.1	7433099	7439250
CM004539.1	7633886	7666345
CM004539.1	7733261	7780110
CM004539.1	7538524	7541999
CM004539.1	7788816	7794364
CM004539.1	7469998	7476016
CM004539.1	7560815	7582898
CM004539.1	7478962	7536719
CM004539.1	7549554	7551233
CM004539.1	7936155	7955565
CM004539.1	7969768	7980763
CM004539.1	7861397	7866260
CM004539.1	7961382	7966446
CM004539.1	8025657	8044633
CM004539.1	7806269	7814650
CM004539.1	8044862	8050215
CM004539.1	8006854	8008778
CM004539.1	7994936	7997097
CM004539.1	8005565	8006841
CM004539.1	8000193	8002483
CM004539.1	8011454	8014667
CM004539.1	8015609	8016282
CM004539.1	7999624	8000079
CM004539.1	8068108	8071572
CM004539.1	8009497	8010429
CM004539.1	8003910	8004546
CM004539.1	8010473	8011056
CM004539.1	8099190	8106548
CM004539.1	8154771	8163205
CM004539.1	8493106	8509589
CM004539.1	8577634	8584361
CM004539.1	8528645	8544315
CM004539.1	8449675	8454627
CM004539.1	8419869	8422564
CM004539.1	8767483	8779914
CM004539.1	8653513	8668327
CM004539.1	8709369	8718622
CM004539.1	8748499	8759562
CM004539.1	8678970	8691029
CM004539.1	8695709	8701071
CM004539.1	9012270	9024688
CM004539.1	9001883	9008818
CM004539.1	8996538	8999608
CM004539.1	9435193	9452430
CM004539.1	9551236	9566899
CM004539.1	9860455	9870288
CM004539.1	9737875	9748632
CM004539.1	9702490	9709477
CM004539.1	9752165	9760071
CM004539.1	9853593	9859580
CM004539.1	9764158	9794465
CM004539.1	9881737	9884537
CM004539.1	10104783	10113365
CM004539.1	10085502	10088563
CM004539.1	9872784	9881634
CM004539.1	10408566	10412366
CM004539.1	10448576	10493455
CM004539.1	10391048	10400683
CM004539.1	10161121	10173925
CM004539.1	10404702	10408194
CM004539.1	10551488	10568058
CM004539.1	10630820	10642264
CM004539.1	10643165	10644486
CM004539.1	10652325	10653316
CM004539.1	10592608	10622676
CM004539.1	10654864	10657423
CM004539.1	10672538	10674378
CM004539.1	10787099	10792753
CM004539.1	10777608	10782338
CM004539.1	10570753	10575128
CM004539.1	10624774	10628993
CM004539.1	10744689	10753454
CM004539.1	10758987	10773789
CM004539.1	10731803	10739486
CM004539.1	10663241	10665149
CM004539.1	10649253	10651370
CM004539.1	10709566	10712419
CM004539.1	10579353	10589886
CM004539.1	10658555	10660117
CM004539.1	10645073	10647786
CM004539.1	10660883	10661512
CM004539.1	10980867	11004193
CM004539.1	10904526	10916083
CM004539.1	11013586	11041523
CM004539.1	10807101	10815924
CM004539.1	10841742	10845132
CM004539.1	10823007	10835677
CM004539.1	11008502	11010103
CM004539.1	11055640	11057776
CM004539.1	10836967	10838043
CM004539.1	11082699	11086502
CM004539.1	10846219	10849143
CM004539.1	11059455	11075869
CM004539.1	10850639	10859815
CM004539.1	11045926	11049906
CM004539.1	10871675	10900552
CM004539.1	11110613	11113220
CM004539.1	13959797	13965663
CM004539.1	13953614	13957290
CM004539.1	14148015	14154232
CM004539.1	14176198	14201039
CM004539.1	14335217	14350214
CM004539.1	14914747	14917016
CM004539.1	14921435	14924972
CM004539.1	14877849	14891848
CM004539.1	14769890	14773347
CM004539.1	14858541	14872726
CM004539.1	14892606	14905238
CM004539.1	15181371	15197255
CM004539.1	15204152	15213017
CM004539.1	14985164	14993714
CM004539.1	14935495	14948068
CM004539.1	15962968	15968583
CM004539.1	16142169	16149096
CM004539.1	16003407	16013583
CM004539.1	16279959	16291926
CM004539.1	16320352	16324003
CM004539.1	16374840	16390365
CM004539.1	17940641	17944679
CM004539.1	17930518	17933803
CM004539.1	17948885	17963619
CM004539.1	18127533	18130081
CM004539.1	18212132	18214247
CM004539.1	19183631	19186721
CM004539.1	19124779	19135342
CM004539.1	19341999	19344414
CM004539.1	19602643	19604252
CM004539.1	19613048	19624563
CM004539.1	19335426	19339985
CM004539.1	19391396	19420070
CM004539.1	19370019	19381139
CM004539.1	19424039	19426745
CM004539.1	19353691	19358883
CM004539.1	19470230	19475042
CM004539.1	19671869	19676465
CM004539.1	19435779	19443602
CM004539.1	19475804	19479083
CM004539.1	19678376	19681949
CM004539.1	19219151	19235867
CM004539.1	19361890	19366924
CM004539.1	19251085	19268634
CM004539.1	19451594	19452887
CM004539.1	19387611	19389595
CM004539.1	19382399	19383626
CM004539.1	19459251	19462146
CM004539.1	19626561	19627960
CM004539.1	19634605	19661804
CM004539.1	19385703	19386192
CM004539.1	19381880	19382305
CM004539.1	19530396	19532466
CM004539.1	19196635	19202292
CM004539.1	19735324	19742915
CM004539.1	19566153	19569008
CM004529.1	229999	230766
CM004529.1	12204	18006
CM004529.1	22896	27509
CM004529.1	49231	55987
CM004529.1	37522	47175
CM004529.1	71278	86053
CM004541.1	152231	160190
CM004541.1	17248	20985
CM004541.1	121174	123957
CM004541.1	139180	151317
CM004541.1	73257	89392
CM004541.1	161520	166445
CM004541.1	7798	16986
CM004541.1	22958	31607
CM004541.1	116933	120764
CM004541.1	551235	557581
CM004541.1	506572	515424
CM004541.1	482667	492600
CM004541.1	564812	569041
CM004541.1	569380	574289
CM004541.1	311307	311936
CM004541.1	458076	472627
CM004541.1	574525	579119
CM004541.1	518762	532882
CM004541.1	545804	548884
CM004541.1	534315	542991
CM004541.1	581119	585154
CM004541.1	586520	596554
CM004541.1	676624	688917
CM004541.1	874012	878950
CM004541.1	720362	723990
CM004541.1	607797	630031
CM004541.1	758732	794918
CM004541.1	860048	865784
CM004541.1	1432175	1438824
CM004541.1	1425080	1428128
CM004541.1	1428507	1430094
CM004541.1	1440498	1443539
CM004541.1	1415017	1422084
CM004541.1	1508236	1508952
CM004541.1	1555507	1556796
CM004541.1	1544007	1550491
CM004541.1	1531265	1537803
CM004541.1	1622600	1624695
CM004541.1	1594691	1599985
CM004541.1	1540050	1540736
CM004541.1	1619555	1621248
CM004541.1	1559346	1567637
CM004541.1	1633781	1653174
CM004541.1	1843707	1846745
CM004541.1	1948996	1950691
CM004541.1	1960564	1961643
CM004541.1	1980935	1988190
CM004541.1	2165053	2168600
CM004541.1	2179628	2187938
CM004541.1	2672998	2676599
CM004541.1	2684577	2685715
CM004541.1	2439975	2445186
CM004541.1	2526159	2532296
CM004541.1	2477932	2499553
CM004541.1	2535801	2542956
CM004541.1	2435081	2439105
CM004541.1	2421277	2429655
CM004541.1	2391446	2404527
CM004541.1	2729454	2738122
CM004541.1	2755483	2756218
CM004541.1	2963828	2969476
CM004541.1	2743773	2753729
CM004541.1	2687843	2690282
CM004541.1	2854787	2866406
CM004541.1	2986623	2987815
CM004541.1	2762066	2770687
CM004541.1	2719043	2723164
CM004541.1	2786155	2795182
CM004541.1	2773447	2778182
CM004541.1	3148685	3150272
CM004541.1	3158041	3162307
CM004541.1	3019753	3026031
CM004541.1	3167396	3172543
CM004541.1	3241723	3247145
CM004541.1	3162879	3164490
CM004541.1	3183416	3195753
CM004541.1	3174262	3179111
CM004541.1	3151181	3157579
CM004541.1	3418168	3423653
CM004541.1	3520947	3522616
CM004541.1	3515033	3516880
CM004541.1	3276808	3293661
CM004541.1	3408975	3412160
CM004541.1	3573972	3587690
CM004541.1	3485330	3502060
CM004541.1	3312341	3326535
CM004541.1	3547035	3556122
CM004541.1	3526085	3530498
CM004541.1	3384377	3385501
CM004541.1	3606890	3615581
CM004541.1	3712125	3724975
CM004541.1	3618812	3627958
CM004541.1	3638345	3649333
CM004541.1	3749369	3760028
CM004541.1	4232141	4254937
CM004541.1	4275450	4309286
CM004541.1	4359348	4377946
CM004541.1	4320976	4329170
CM004541.1	4350984	4358710
CM004541.1	4474588	4477184
CM004541.1	4541241	4542990
CM004541.1	4650609	4654204
CM004541.1	4611809	4620614
CM004541.1	4609046	4611454
CM004541.1	4658306	4669274
CM004541.1	4635450	4645462
CM004541.1	4655758	4656995
CM004541.1	5166128	5169267
CM004541.1	5212081	5239619
CM004541.1	5170756	5178660
CM004541.1	5248985	5272043
CM004541.1	5201625	5210707
CM004541.1	5186759	5189904
CM004541.1	5460297	5464336
CM004541.1	5416530	5419149
CM004541.1	5507504	5511755
CM004541.1	5620391	5626917
CM004541.1	5608168	5614404
CM004541.1	5430198	5435433
CM004541.1	5489423	5491408
CM004541.1	5691012	5699631
CM004541.1	5895966	5905203
CM004541.1	5702446	5713374
CM004541.1	5714008	5736710
CM004541.1	5749656	5776122
CM004541.1	6114822	6116596
CM004541.1	6150686	6162887
CM004541.1	6698230	6699394
CM004541.1	6877855	6888183
CM004541.1	6692198	6697253
CM004541.1	6626992	6688037
CM004541.1	6796796	6805422
CM004541.1	6614396	6619064
CM004541.1	7081687	7083537
CM004541.1	7021256	7022241
CM004541.1	6906669	6925927
CM004541.1	7040253	7052441
CM004541.1	7030529	7031630
CM004541.1	7100882	7109848
CM004541.1	6938320	6964259
CM004541.1	7068380	7079978
CM004541.1	7080562	7096782
CM004541.1	7185454	7187505
CM004541.1	7196397	7209821
CM004541.1	7281726	7288553
CM004541.1	7320997	7333330
CM004541.1	7383838	7389371
CM004541.1	7370295	7380805
CM004541.1	7211272	7222140
CM004541.1	7259949	7272749
CM004541.1	7400157	7410114
CM004541.1	7444374	7447779
CM004541.1	7413831	7427231
CM004541.1	7450611	7454935
CM004541.1	7281671	7294925
CM004541.1	7222915	7232011
CM004541.1	7339082	7360491
CM004541.1	7504652	7514830
CM004541.1	7540875	7594593
CM004541.1	7661530	7663092
CM004541.1	7627270	7630077
CM004541.1	7654230	7658480
CM004541.1	7524892	7530681
CM004541.1	7534247	7537887
CM004541.1	7601334	7606998
CM004541.1	7640326	7641898
CM004541.1	7516683	7521193
CM004541.1	7492534	7501868
CM004541.1	7644133	7652544
CM004541.1	7972030	7976663
CM004541.1	8007527	8018765
CM004541.1	8068221	8074535
CM004541.1	7786063	7802108
CM004541.1	8020838	8024789
CM004541.1	7848890	7854606
CM004541.1	7897500	7902596
CM004541.1	7906497	7913959
CM004541.1	7989375	7993444
CM004541.1	7960140	7967343
CM004541.1	7923703	7948822
CM004541.1	7971896	7977896
CM004541.1	8205695	8212052
CM004541.1	8213684	8216738
CM004541.1	8150781	8199399
CM004541.1	8103584	8106113
CM004541.1	8379549	8395930
CM004541.1	9810565	9826106
CM004541.1	9733399	9747214
CM004541.1	9941575	9947280
CM004541.1	10018322	10033251
CM004541.1	10085677	10091228
CM004541.1	9983505	10005264
CM004541.1	10124383	10132228
CM004541.1	10122109	10123845
CM004541.1	10176159	10176920
CM004541.1	9923171	9937365
CM004541.1	9947763	9952636
CM004541.1	10458900	10459867
CM004541.1	10368243	10377007
CM004541.1	10344874	10350240
CM004541.1	10334980	10340915
CM004541.1	10278824	10292875
CM004541.1	10378538	10383493
CM004541.1	10588660	10599410
CM004541.1	10608427	10650376
CM004541.1	11298479	11301770
CM004541.1	11218200	11242306
CM004541.1	11325553	11338399
CM004541.1	11316191	11322783
CM004541.1	11380138	11389511
CM004541.1	11309260	11314252
CM004541.1	11323888	11326927
CM004541.1	11397158	11422025
CM004541.1	13430633	13469126
CM004541.1	13470286	13472968
CM004541.1	13356581	13362466
CM004541.1	13473229	13487783
CM004541.1	13595856	13604366
CM004541.1	13724600	13725928
CM004541.1	13615625	13626386
CM004541.1	13737087	13741574
CM004541.1	13714847	13720633
CM004541.1	13731562	13733846
CM004541.1	13764063	13767113
CM004541.1	13745618	13748704
CM004541.1	13772415	13776379
CM004541.1	13751862	13757363
CM004541.1	13727830	13731003
CM004541.1	13829433	13835951
CM004541.1	13812288	13817810
CM004541.1	13853752	13859666
CM004541.1	13951955	13953456
CM004541.1	13966285	13966497
CM004541.1	13789215	13801150
CM004541.1	13955584	13959462
CM004541.1	13818053	13825264
CM004541.1	13862989	13864560
CM004541.1	15791570	15794092
CM004541.1	15789093	15791204
CM004541.1	16420670	16446476
CM004541.1	16447543	16460520
CM004541.1	16390590	16411933
CM004541.1	16416869	16418849
CM004541.1	15877046	15878994
CM004532.1	182330	198984
CM004532.1	9800	13263
CM004532.1	58443333	58462629
CM004532.1	58479277	58483136
CM004532.1	58383066	58396736
CM004532.1	58334372	58360448
CM004532.1	58521559	58537214
CM004532.1	58503590	58513534
CM004532.1	58486947	58500805
CM004532.1	60891867	60895160
CM004554.1	187014	208535
CM004554.1	169543	182508
CM004554.1	249593	260623
CM004554.1	268163	268922
CM004554.1	209622	211339
CM004554.1	80329	91392
CM004554.1	59717	62851
CM004554.1	53891	57320
CM004554.1	271073	281223
CM004554.1	331165	335819
CM004554.1	434317	435520
CM004554.1	441656	460509
CM004554.1	307791	322499
CM004554.1	2255128	2268132
CM004554.1	2316183	2324963
CM004554.1	2295928	2306122
CM004554.1	2290928	2292418
CM004554.1	2362731	2365890
CM004554.1	2324977	2330861
CM004554.1	2460522	2468760
CM004554.1	2510419	2514295
CM004554.1	2449016	2454251
CM004554.1	2394704	2411108
CM004554.1	2514842	2550233
CM004554.1	2860401	2866430
CM004554.1	2974166	2978186
CM004554.1	2883456	2886666
CM004554.1	2957522	2962815
CM004554.1	2907499	2909001
CM004554.1	2950446	2953711
CM004554.1	2915608	2924274
CM004554.1	2945287	2946662
CM004554.1	2840526	2850869
CM004554.1	2888205	2898740
CM004554.1	3026961	3027498
CM004554.1	3197776	3201973
CM004554.1	3360763	3362835
CM004554.1	3257418	3258756
CM004554.1	3382907	3385688
CM004554.1	3486129	3496834
CM004554.1	3002871	3007800
CM004554.1	2984924	2994474
CM004554.1	3069630	3073642
CM004554.1	3238690	3252094
CM004554.1	3048157	3052661
CM004554.1	3118393	3129733
CM004554.1	3186101	3194203
CM004554.1	3142492	3143930
CM004554.1	3181806	3183094
CM004554.1	3404935	3407080
CM004554.1	3179877	3181631
CM004554.1	3009424	3010719
CM004554.1	3029525	3033897
CM004554.1	3146139	3157925
CM004554.1	3135785	3138867
CM004554.1	3254267	3256482
CM004554.1	3262226	3280000
CM004554.1	3158187	3161784
CM004554.1	3204446	3214606
CM004554.1	3352478	3355612
CM004554.1	3233126	3234936
CM004554.1	3011059	3019355
CM004554.1	3216195	3230176
CM004545.1	118846	120879
CM004545.1	48972	54634
CM004545.1	28972	43538
CM004545.1	116813	118377
CM004545.1	114855	116355
CM004545.1	121804	123709
CM004545.1	73035	96146
CM004545.1	49078	58724
CM004545.1	202895	214534
CM004545.1	132706	144987
CM004545.1	549448	551366
CM004545.1	491037	493550
CM004545.1	384254	404499
CM004545.1	514924	516575
CM004545.1	555605	565168
CM004545.1	408198	419177
CM004545.1	303697	318822
CM004545.1	501533	510777
CM004545.1	543350	547440
CM004545.1	552733	554746
CM004545.1	810375	813346
CM004545.1	807547	809781
CM004545.1	614243	615305
CM004545.1	796601	799903
CM004545.1	629948	644842
CM004545.1	801086	806696
CM004545.1	830792	838541
CM004545.1	749813	751122
CM004545.1	651725	660747
CM004545.1	723783	730108
CM004545.1	1162175	1167533
CM004545.1	1179832	1194492
CM004545.1	1095509	1101841
CM004545.1	1119320	1127204
CM004545.1	1146249	1147097
CM004545.1	1340396	1360878
CM004545.1	1234610	1240300
CM004545.1	1245603	1261292
CM004545.1	1266930	1270923
CM004545.1	1469830	1473785
CM004545.1	1281504	1283610
CM004545.1	1300508	1314270
CM004545.1	1756365	1769814
CM004545.1	1715046	1717398
CM004545.1	1733917	1749760
CM004545.1	1518182	1525756
CM004545.1	1940844	1948170
CM004545.1	1795619	1801057
CM004545.1	2022932	2030824
CM004545.1	1814152	1875870
CM004545.1	1900790	1918464
CM004545.1	2330629	2336574
CM004545.1	2265856	2274249
CM004545.1	2543044	2549257
CM004545.1	2566827	2570999
CM004545.1	2446384	2461200
CM004545.1	2465672	2514979
CM004545.1	2642157	2666169
CM004545.1	2553970	2564290
CM004545.1	2431042	2444656
CM004545.1	2577869	2578926
CM004545.1	2771483	2777254
CM004545.1	2779801	2794138
CM004545.1	2798465	2799988
CM004545.1	2756951	2762079
CM004545.1	2708282	2711157
CM004545.1	2742370	2748311
CM004545.1	2871105	2887386
CM004545.1	2805496	2817675
CM004545.1	2674830	2687394
CM004545.1	2934797	2937893
CM004545.1	2762821	2766420
CM004545.1	3102604	3103701
CM004545.1	3115965	3117347
CM004545.1	3171207	3185848
CM004545.1	3110458	3114136
CM004545.1	3204481	3240709
CM004545.1	3027407	3030326
CM004545.1	3187237	3191601
CM004545.1	3255937	3268956
CM004545.1	3121214	3124487
CM004545.1	3247995	3254109
CM004545.1	3193927	3199696
CM004545.1	3050554	3096841
CM004545.1	3343478	3349199
CM004545.1	3399737	3405484
CM004545.1	3378529	3386931
CM004545.1	3413766	3421806
CM004545.1	3350733	3359263
CM004545.1	3390911	3397574
CM004545.1	3407687	3409727
CM004545.1	4373759	4375641
CM004545.1	4416940	4418101
CM004545.1	4420733	4433346
CM004545.1	4339808	4342810
CM004545.1	4302920	4307135
CM004545.1	4381477	4383187
CM004545.1	4434595	4437170
CM004545.1	4286201	4297839
CM004545.1	4387379	4388510
CM004545.1	4378325	4380257
CM004545.1	4391170	4411529
CM004545.1	4352379	4357355
CM004545.1	4364024	4372286
CM004545.1	4384025	4384947
CM004545.1	4562280	4565232
CM004545.1	4581312	4584881
CM004545.1	4594530	4601416
CM004545.1	4454318	4458038
CM004545.1	4466342	4472097
CM004545.1	4450820	4453240
CM004545.1	4603129	4637211
CM004545.1	4570026	4578248
CM004545.1	4609382	4611401
CM004545.1	4551292	4559039
CM004545.1	4591531	4593429
CM004545.1	4734902	4741520
CM004545.1	4889425	4892069
CM004545.1	4895035	4913588
CM004545.1	4945336	4958107
CM004545.1	4831629	4842624
CM004545.1	5036658	5056671
CM004545.1	4973507	4985262
CM004545.1	4989289	4999547
CM004545.1	4920356	4924567
CM004545.1	4849337	4856724
CM004545.1	4859058	4868745
CM004545.1	4838828	4843179
CM004545.1	5058793	5068287
CM004545.1	4809343	4831366
CM004545.1	5103697	5118149
CM004545.1	5083962	5091734
CM004545.1	5954233	5957822
CM004545.1	5855656	5864913
CM004545.1	5799469	5814087
CM004545.1	5969209	5974474
CM004545.1	5870520	5872468
CM004545.1	5816500	5825148
CM004545.1	5846415	5852634
CM004545.1	5959112	5965907
CM004545.1	6259314	6260596
CM004545.1	6123402	6124879
CM004545.1	6043409	6053265
CM004545.1	6241260	6242539
CM004545.1	6076865	6083149
CM004545.1	6235112	6240088
CM004545.1	6217500	6219252
CM004545.1	6281571	6290388
CM004545.1	6055431	6060620
CM004545.1	6268292	6274445
CM004545.1	6242908	6256742
CM004545.1	6069031	6072504
CM004545.1	6159583	6165964
CM004545.1	6015320	6016227
CM004545.1	6331811	6338133
CM004545.1	6297439	6309105
CM004545.1	6392291	6418728
CM004545.1	6451741	6466831
CM004545.1	6714732	6728366
CM004545.1	7067987	7071149
CM004545.1	6989342	6991837
CM004545.1	7027765	7053493
CM004545.1	7071196	7075789
CM004545.1	7077434	7087036
CM004545.1	7088871	7092674
CM004545.1	7057269	7066346
CM004545.1	11094441	11115749
CM004527.1	37520	47807
CM004527.1	108173	112264
CM004527.1	125711	136872
CM004527.1	57415	84365
CM004527.1	144657	168411
CM004527.1	237806	251279
CM004527.1	68679597	68701821
CM004534.1	6901	10256
CM004534.1	269991	302328
CM004534.1	6083863	6114881
CM004534.1	6126090	6175345
CM004534.1	6375300	6387319
CM004534.1	6417252	6439542
CM004534.1	6288667	6323115
CM004534.1	6472952	6477930
CM004534.1	6385978	6389401
CM004534.1	6390185	6397091
CM004534.1	6337921	6348563
CM004534.1	6592210	6597848
CM004534.1	6580547	6587162
CM004534.1	6640212	6647321
CM004534.1	6649062	6662457
CM004534.1	6774987	6796530
CM004534.1	6801598	6819339
CM004534.1	6602912	6612383
CM004534.1	6941597	6975264
CM004534.1	7034703	7042984
CM004534.1	7087365	7095650
CM004534.1	7224388	7237744
CM004534.1	12661196	12676572
CM004534.1	12644093	12655050
CM004534.1	12819251	12844951
CM004534.1	12745594	12748000
CM004534.1	13300376	13307208
CM004534.1	13282035	13291542
CM004534.1	13475612	13480302
CM004534.1	13624104	13635377
CM004534.1	13733991	13740981
CM004534.1	13742328	13743698
CM004534.1	13787727	13889085
CM004534.1	13612059	13618928
CM004534.1	13656658	13682165
CM004534.1	13607332	13610813
CM004534.1	13903965	13908301
CM004534.1	13535863	13570439
CM004534.1	13893608	13900095
CM004534.1	13910155	13917474
CM004534.1	13934529	13968234
CM004534.1	14029249	14041896
CM004534.1	13690026	13696397
CM004534.1	14291082	14295258
CM004534.1	14209396	14245114
CM004534.1	14297336	14315006
CM004534.1	14795294	14796419
CM004534.1	14777774	14780191
CM004534.1	14678303	14684887
CM004534.1	14729189	14730916
CM004534.1	14801820	14803225
CM004534.1	14762333	14763457
CM004534.1	15130908	15132924
CM004534.1	15288752	15294027
CM004534.1	15308362	15315371
CM004534.1	15440482	15444430
CM004534.1	15391509	15412202
CM004534.1	15416544	15423722
CM004534.1	15450499	15452996
CM004534.1	15620990	15642980
CM004534.1	15846016	15851751
CM004534.1	15973982	16110033
CM004534.1	16369319	16370611
CM004534.1	16205208	16207504
CM004534.1	16220433	16222281
CM004534.1	16198902	16201698
CM004534.1	16224040	16236994
CM004534.1	16436158	16453892
CM004534.1	16378944	16380636
CM004534.1	16245903	16267663
CM004534.1	16687192	16698415
CM004534.1	16587593	16591185
CM004534.1	16595857	16602887
CM004534.1	16495538	16499811
CM004534.1	16713515	16722684
CM004534.1	16546969	16554821
CM004534.1	16503224	16527742
CM004534.1	16563537	16580203
CM004534.1	16736403	16765967
CM004534.1	16804263	16807264
CM004534.1	18181564	18214219
CM004534.1	18134056	18153682
CM004534.1	18225793	18235887
CM004534.1	18172484	18176154
CM004534.1	18017196	18054124
CM004534.1	18248141	18255614
CM004534.1	17911492	17913111
CM004534.1	18437100	18460617
CM004534.1	18471103	18486069
CM004534.1	18535445	18541169
CM004534.1	18360695	18394120
CM004534.1	18340176	18342952
CM004534.1	18635569	18640730
CM004534.1	18704841	18717787
CM004534.1	19345666	19384854
CM004534.1	19553397	19554419
CM004534.1	19570639	19588220
CM004534.1	19592917	19651062
CM004534.1	19886649	19895620
CM004534.1	19876088	19882127
CM004534.1	19700264	19713139
CM004534.1	20230443	20265090
CM004534.1	19983471	19987897
CM004534.1	19970268	19972193
CM004534.1	20415930	20440713
CM004534.1	20405636	20410355
CM004534.1	20575684	20591797
CM004534.1	20593331	20594652
CM004534.1	20399090	20404957
CM004534.1	20333639	20367694
CM004534.1	20611313	20626109
CM004534.1	20627632	20629467
CM004534.1	20606634	20608554
CM004534.1	20447269	20480343
CM004534.1	20647007	20650782
CM004534.1	20540803	20562402
CM004534.1	20483581	20508458
CM004534.1	20944690	20948843
CM004534.1	20890226	20893993
CM004534.1	20838922	20846753
CM004534.1	20778899	20783385
CM004534.1	20850355	20856291
CM004534.1	20880067	20882654
CM004534.1	20826689	20831478
CM004534.1	20714635	20718932
CM004534.1	20884710	20888743
CM004534.1	20788567	20795919
CM004534.1	20812490	20816368
CM004534.1	20863601	20870848
CM004534.1	20767438	20771817
CM004534.1	20797753	20799943
CM004534.1	20726970	20756534
CM004534.1	20823752	20825777
CM004534.1	20721287	20724690
CM004534.1	20857229	20861701
CM004534.1	20832147	20838009
CM004534.1	20969637	20970591
CM004534.1	21220682	21251194
CM004534.1	21027733	21031961
CM004534.1	21186377	21195624
CM004534.1	21122543	21125198
CM004534.1	21289309	21291958
CM004534.1	21020141	21022875
CM004534.1	20974476	21004628
CM004534.1	21173339	21178029
CM004534.1	21282395	21284620
CM004534.1	21181647	21184932
CM004534.1	21098917	21103160
CM004534.1	21265142	21269877
CM004534.1	21135077	21154764
CM004534.1	21272157	21276430
CM004534.1	21255045	21260568
CM004534.1	21196409	21202650
CM004534.1	21126794	21131932
CM004534.1	21207740	21218626
CM004534.1	21168723	21172612
CM004534.1	21294175	21298040
CM004534.1	21394957	21399480
CM004534.1	21298327	21311665
CM004534.1	22020441	22021945
CM004534.1	22114974	22117248
CM004534.1	22030113	22033355
CM004534.1	22142240	22154958
CM004534.1	22121763	22132972
CM004534.1	22385834	22392997
CM004534.1	22344298	22345127
CM004534.1	22333381	22341074
CM004534.1	22324883	22327060
CM004534.1	22361530	22363912
CM004534.1	22412838	22440315
CM004534.1	22447050	22466508
CM004534.1	22474599	22490260
CM004534.1	22585874	22589649
CM004534.1	22843836	22848099
CM004534.1	23237303	23243564
CM004534.1	24125901	24134643
CM004534.1	24360710	24361748
CM004534.1	24473422	24477329
CM004534.1	24445295	24454413
CM004534.1	24331681	24355785
CM004534.1	24251363	24314206
CM004534.1	24872808	24879858
CM004534.1	24853764	24866676
CM004534.1	25073187	25123714
CM004534.1	24967533	24994699
CM004534.1	25133151	25142919
CM004534.1	25282618	25294713
CM004534.1	25202980	25205954
CM004534.1	25194506	25198782
CM004534.1	25263489	25281793
CM004534.1	25214000	25218671
CM004534.1	25601189	25619598
CM004534.1	25953552	25972422
CM004534.1	25978991	25984361
CM004534.1	26001323	26038272
CM004534.1	26437756	26438741
CM004534.1	26191431	26193610
CM004534.1	26211052	26216949
CM004534.1	26430710	26435410
CM004534.1	26225360	26313757
CM004534.1	26795888	26797588
CM004534.1	26801889	26807438
CM004534.1	26948635	26952250
CM004534.1	26937329	26941231
CM004534.1	26898312	26915844
CM004534.1	26968395	26975538
CM004534.1	26919075	26920719
CM004534.1	26898532	26914650
CM004534.1	27077037	27085714
CM004534.1	27242344	27254672
CM004534.1	26991366	27000822
CM004534.1	27069972	27072518
CM004534.1	27086694	27087575
CM004534.1	27442576	27452902
CM004534.1	27463690	27467265
CM004534.1	27300890	27312665
CM004534.1	27365626	27379447
CM004534.1	27460754	27461423
CM004534.1	27551978	27563975
CM004534.1	27579925	27582837
CM004534.1	27384876	27395025
CM004534.1	27435887	27442505
CM004534.1	27453320	27458038
CM004534.1	27471193	27475120
CM004534.1	27318075	27340255
CM004534.1	27397918	27415882
CM004534.1	27418120	27434553
CM004534.1	27570764	27572158
CM004534.1	27585467	27594876
CM004534.1	27658184	27659077
CM004534.1	27611675	27614858
CM004534.1	27712198	27722129
CM004534.1	27756892	27760022
CM004534.1	27659368	27660398
CM004534.1	28144793	28175288
CM004534.1	28098900	28105412
CM004534.1	28185391	28187153
CM004534.1	28193072	28201771
CM004534.1	28562500	28608265
CM004534.1	29145339	29161656
CM004534.1	29095845	29111249
CM004534.1	29195194	29196699
CM004534.1	29337887	29346903
CM004534.1	32956863	32977355
CM004534.1	35807758	35811295
CM004534.1	36234384	36251606
CM004534.1	36304113	36334913
CM004534.1	36498030	36519383
CM004534.1	36391094	36392450
CM004534.1	36361975	36365070
CM004534.1	36400309	36404961
CM004534.1	36336289	36351193
CM004551.1	76358	83186
CM004551.1	137241	140855
CM004551.1	127775	134397
CM004551.1	437009	450594
CM004551.1	67271	68449
CM004551.1	73907	75390
CM004551.1	10567	18247
CM004551.1	109859	119801
CM004551.1	61603	66107
CM004551.1	191806	194375
CM004551.1	71218	72690
CM004551.1	205166	210609
CM004551.1	181873	187758
CM004551.1	19198	22410
CM004551.1	52592	55219
CM004551.1	163160	175520
CM004551.1	146772	154260
CM004551.1	35156	36154
CM004551.1	122205	126153
CM004551.1	156110	157397
CM004551.1	142827	144254
CM004551.1	159037	159784
CM004551.1	34223	35122
CM004528.1	112248524	112285605
CM004528.1	112426332	112428318
CM004528.1	112568176	112572323
CM004528.1	112656723	112665193
CM004528.1	112647059	112652503
CM004528.1	112236930	112242410
CM004528.1	112528203	112532000
CM004528.1	112403875	112405067
CM004528.1	112392683	112394009
CM004528.1	112488497	112494750
CM004528.1	112484089	112485571
CM004528.1	112556850	112561022
CM004528.1	112378932	112385709
CM004528.1	112516227	112516602
CM004528.1	112466820	112467782
CM004528.1	112586938	112600996
CM004528.1	112622739	112624640
CM004549.1	70486	76012
CM004549.1	190304	215413
CM004549.1	133437	143552
CM004549.1	231616	240024
CM004549.1	64995	68610
CM004549.1	48234	56796
CM004549.1	36167	44895
CM004549.1	89521	104752
CM004549.1	372058	403001
CM004549.1	333846	338663
CM004549.1	321062	329340
CM004549.1	289200	313747
CM004549.1	3560398	3563661
CM004549.1	3840457	3842497
CM004549.1	3780057	3780612
CM004549.1	3740982	3750542
CM004549.1	3764309	3776331
CM004549.1	3812616	3820707
CM004549.1	3786254	3806351
CM004549.1	3829861	3833329
CM004549.1	3983741	3996719
CM004549.1	4111150	4133819
CM004549.1	4051509	4067772
CM004549.1	4101552	4104890
CM004549.1	3913355	3935609
CM004549.1	3943091	3957699
CM004549.1	3970001	3977600
CM004549.1	3895398	3900912
CM004549.1	3891116	3895026
CM004549.1	3966857	3968944
CM004549.1	5037921	5038323
CM004549.1	5048803	5056137
CM004549.1	5147055	5152000
CM004549.1	5203897	5205179
CM004549.1	5231366	5233407
CM004549.1	5212948	5217054
CM004549.1	5131082	5138038
CM004549.1	5076450	5099087
CM004549.1	5348123	5358642
CM004549.1	5245882	5253700
CM004549.1	5195000	5202810
CM004549.1	5262823	5266389
CM004549.1	5267144	5279115
CM004549.1	5538853	5541796
CM004549.1	5524276	5527891
CM004549.1	5433702	5440335
CM004549.1	5494236	5496362
CM004549.1	5502568	5503786
CM004549.1	5528475	5535056
CM004549.1	5398179	5406775
CM004549.1	5411338	5412709
CM004549.1	5467957	5472973
CM004549.1	5392526	5394612
CM004549.1	5501067	5501944
CM004549.1	5955152	5964937
CM004549.1	5944735	5947217
CM004549.1	6272351	6275500
CM004549.1	6034959	6038756
CM004549.1	6281713	6294550
CM004549.1	5979885	5991617
CM004549.1	6504476	6505851
CM004549.1	6295958	6298917
CM004549.1	6495293	6503308
CM004549.1	6544041	6550665
CM004549.1	6470019	6473930
CM004549.1	6523612	6528317
CM004549.1	6580613	6583396
CM004549.1	6333093	6341612
CM004549.1	6459825	6460774
CM004549.1	6345801	6346651
CM004549.1	6551818	6558923
CM004549.1	6325035	6328298
CM004549.1	6506911	6508238
CM004549.1	6329701	6332301
CM004549.1	6462036	6466390
CM004549.1	6301907	6307445
CM004549.1	6343568	6345211
CM004549.1	6442504	6443428
CM004549.1	6317937	6320539
CM004549.1	6368113	6423360
CM004549.1	6738103	6739083
CM004549.1	6931953	6945552
CM004549.1	6594564	6599823
CM004549.1	6876305	6879153
CM004549.1	6693533	6706806
CM004549.1	6655842	6661970
CM004549.1	6677132	6682786
CM004549.1	6631678	6634843
CM004549.1	6867194	6871249
CM004549.1	6884398	6888584
CM004549.1	6950113	6954632
CM004549.1	6642800	6652894
CM004549.1	6727647	6730573
CM004549.1	6714064	6718438
CM004549.1	6960706	6962269
CM004549.1	6622214	6628772
CM004549.1	6601025	6606510
CM004549.1	6748695	6760011
CM004549.1	6980144	6985444
CM004549.1	6788953	6794114
CM004549.1	7007541	7009552
CM004549.1	6585260	6591736
CM004549.1	6990281	6996674
CM004549.1	6844047	6848783
CM004549.1	6612253	6614796
CM004549.1	7021915	7023025
CM004547.1	182299	188573
CM004547.1	277428	279904
CM004547.1	219277	239310
CM004547.1	11875	16030
CM004547.1	241805	242862
CM004547.1	62012	96571
CM004547.1	20719	34626
CM004547.1	116718	118787
CM004547.1	494361	498755
CM004547.1	366662	374286
CM004547.1	587627	592834
CM004547.1	551236	568121
CM004547.1	498756	501107
CM004547.1	634660	635491
CM004547.1	640193	659600
CM004547.1	593478	612858
CM004547.1	677058	689784
CM004547.1	950325	962694
CM004547.1	1697341	1701560
CM004547.1	1713066	1717024
CM004547.1	1644995	1649428
CM004547.1	1608608	1615283
CM004547.1	1661469	1673916
CM004547.1	1703098	1706060
CM004547.1	1733753	1737126
CM004547.1	1641293	1643073
CM004547.1	1721289	1729694
CM004547.1	1655388	1660158
CM004547.1	1708225	1713067
CM004547.1	1692048	1696074
CM004547.1	1618912	1637454
CM004547.1	1651793	1654238
CM004547.1	1679322	1689755
CM004547.1	1577448	1596475
CM004547.1	1982400	1984882
CM004547.1	2036058	2041185
CM004547.1	1986868	2004255
CM004547.1	1952380	1953204
CM004547.1	2029861	2032453
CM004547.1	2053761	2055885
CM004547.1	1929514	1937863
CM004547.1	2116504	2124529
CM004547.1	2133889	2135815
CM004547.1	2128327	2128776
CM004547.1	2151710	2154234
CM004547.1	2479169	2493087
CM004547.1	2595784	2600418
CM004547.1	2537670	2541832
CM004547.1	2416617	2421382
CM004547.1	2558946	2561322
CM004547.1	2386753	2396834
CM004547.1	2524434	2533272
CM004547.1	2519489	2523425
CM004547.1	2549787	2553298
CM004547.1	2810963	2813278
CM004547.1	2960536	2963673
CM004547.1	2949970	2954233
CM004547.1	2887479	2895428
CM004547.1	2860277	2863278
CM004547.1	2818832	2822508
CM004547.1	2766294	2769696
CM004547.1	2915436	2925240
CM004547.1	2729579	2733489
CM004547.1	2657996	2722023
CM004547.1	2727698	2728855
CM004547.1	2776294	2785879
CM004547.1	2932481	2945385
CM004547.1	2870471	2884110
CM004547.1	2789303	2806660
CM004547.1	2955403	2958507
CM004547.1	2770335	2771732
CM004547.1	3415058	3419603
CM004547.1	3547882	3556015
CM004547.1	3422561	3422840
CM004547.1	3493211	3522284
CM004547.1	3385780	3394521
CM004547.1	3460061	3485194
CM004547.1	3536496	3542438
CM004547.1	3329329	3335941
CM004547.1	3397339	3399764
CM004547.1	3271424	3280436
CM004547.1	3668150	3672627
CM004547.1	3722410	3734685
CM004547.1	3643259	3651704
CM004547.1	3762348	3768171
CM004547.1	3678604	3704358
CM004547.1	3774118	3781436
CM004547.1	3814293	3820799
CM004547.1	3822777	3824822
CM004547.1	3825224	3828011
CM004547.1	3739605	3741873
CM004547.1	3890110	3913336
CM004547.1	4090053	4090943
CM004547.1	4030017	4034666
CM004547.1	4092286	4095840
CM004547.1	4145522	4155796
CM004547.1	4177722	4178988
CM004547.1	4057877	4066294
CM004547.1	4024445	4027148
CM004547.1	4168523	4173055
CM004547.1	3932913	3936800
CM004547.1	3978503	3980085
CM004547.1	3931395	3932486
CM004547.1	4085508	4087403
CM004547.1	4182838	4190125
CM004547.1	4049456	4055421
CM004547.1	4074754	4081353
CM004547.1	4069608	4072407
CM004547.1	4112986	4134036
CM004547.1	3941494	3951567
CM004547.1	3958964	3963234
CM004547.1	3920579	3925611
CM004547.1	3954244	3954989
CM004547.1	4470247	4472334
CM004547.1	4207704	4223209
CM004547.1	4390888	4466484
CM004547.1	4194918	4195904
CM004547.1	4237909	4240958
CM004547.1	4247201	4249070
CM004547.1	4516495	4531140
CM004547.1	4769047	4771790
CM004547.1	4683169	4683396
CM004547.1	4746617	4753844
CM004547.1	4539932	4546641
CM004547.1	4533195	4536185
CM004547.1	4950430	4966320
CM004547.1	5041788	5063219
CM004547.1	4776564	4804168
CM004547.1	4868652	4869304
CM004547.1	5638612	5640845
CM004547.1	5629418	5636934
CM004547.1	5561135	5564772
CM004547.1	5623014	5628691
CM004547.1	5671879	5674836
CM004547.1	5600605	5609685
CM004547.1	5696446	5703525
CM004547.1	5705186	5708315
CM004537.1	97447	100042
CM004537.1	87385	92277
CM004537.1	157618	161881
CM004537.1	163376	173183
CM004537.1	149697	156764
CM004537.1	103857	143819
CM004537.1	12443	19179
CM004537.1	255005	281765
CM004537.1	841167	841888
CM004537.1	816406	824762
CM004537.1	987054	999117
CM004537.1	940385	954110
CM004537.1	1060775	1086405
CM004537.1	1110243	1139531
CM004537.1	1235210	1253395
CM004537.1	1618508	1631204
CM004537.1	1677126	1699787
CM004537.1	1658566	1664211
CM004537.1	1644469	1652246
CM004537.1	1702948	1713967
CM004537.1	1639431	1643002
CM004537.1	1721879	1724914
CM004537.1	1716879	1718689
CM004537.1	1719079	1720508
CM004537.1	5532592	5569012
CM004537.1	5427474	5438958
CM004537.1	5390169	5423557
CM004537.1	5737314	5743752
CM004537.1	5779334	5792952
CM004537.1	5715263	5729349
CM004537.1	5731094	5734713
CM004537.1	5745574	5747341
CM004537.1	6036507	6060823
CM004537.1	6194946	6199042
CM004537.1	6142472	6149003
CM004537.1	6354266	6376416
CM004537.1	6245598	6293072
CM004537.1	6439177	6451115
CM004537.1	6294707	6299276
CM004537.1	6456363	6470541
CM004537.1	6557939	6565866
CM004537.1	6313230	6324425
CM004537.1	6630002	6634258
CM004537.1	6727381	6729855
CM004537.1	6748593	6763555
CM004537.1	7093954	7103679
CM004537.1	7139695	7146137
CM004537.1	6824789	6832086
CM004537.1	7147464	7149406
CM004537.1	7150391	7155873
CM004537.1	6884014	6891297
CM004537.1	6793524	6795726
CM004537.1	7438617	7443607
CM004537.1	7413136	7416065
CM004537.1	7424618	7431832
CM004537.1	7224548	7241108
CM004537.1	7447360	7455326
CM004537.1	7284820	7303891
CM004537.1	7447997	7462835
CM004537.1	8285350	8292035
CM004537.1	8295149	8301810
CM004537.1	8478214	8480561
CM004537.1	8489652	8492839
CM004537.1	8499552	8505882
CM004537.1	8568357	8575095
CM004537.1	8586233	8783437
CM004537.1	8948092	8951335
CM004537.1	9198250	9217483
CM004537.1	9156724	9188038
CM004537.1	9021283	9031615
CM004537.1	9042813	9051974
CM004537.1	9097317	9151788
CM004537.1	9262046	9274963
CM004537.1	9389013	9410142
CM004537.1	9475466	9494147
CM004537.1	9456155	9470946
CM004537.1	9339352	9349039
CM004537.1	9500771	9505879
CM004537.1	9352739	9368158
CM004537.1	9431406	9435108
CM004537.1	9604512	9619089
CM004537.1	9621753	9661964
CM004537.1	9569582	9581399
CM004537.1	10414956	10421360
CM004537.1	10239093	10251425
CM004537.1	10465780	10472145
CM004537.1	10426124	10458828
CM004537.1	10375349	10383483
CM004537.1	10383410	10400253
CM004537.1	10713333	10739910
CM004537.1	10684858	10692113
CM004537.1	10656391	10673603
CM004537.1	10496645	10532710
CM004537.1	10747841	10760971
CM004537.1	10540820	10560552
CM004537.1	11349110	11384080
CM004537.1	12004862	12010840
CM004537.1	12019020	12020882
CM004537.1	12101608	12103704
CM004537.1	11992024	12001002
CM004537.1	12453163	12457992
CM004537.1	12430865	12452556
CM004537.1	12459569	12474529
CM004537.1	12511965	12516253
CM004537.1	12588686	12594552
CM004537.1	12823766	12831634
CM004537.1	12774602	12784387
CM004537.1	12605676	12622862
CM004537.1	12636360	12645387
CM004537.1	12769289	12772207
CM004537.1	13010522	13013071
CM004537.1	13136794	13144473
CM004537.1	12928951	12945753
CM004537.1	12955793	12959322
CM004537.1	13218610	13222382
CM004537.1	13410258	13414128
CM004537.1	13484620	13487205
CM004537.1	13237194	13247645
CM004537.1	13271712	13279710
CM004537.1	13373115	13384066
CM004537.1	13471993	13478139
CM004537.1	13384855	13406835
CM004537.1	13250083	13266568
CM004537.1	13420024	13434343
CM004537.1	13234226	13235309
CM004537.1	13639442	13641713
CM004537.1	13615341	13625337
CM004537.1	13592894	13594566
CM004537.1	13635568	13639180
CM004537.1	13502417	13531684
CM004537.1	14487328	14490019
CM004537.1	14479865	14485147
CM004537.1	14490567	14496687
CM004537.1	14735832	14755966
CM004537.1	15072349	15078170
CM004537.1	15202907	15235979
CM004537.1	15243783	15247346
CM004537.1	15236519	15236996
CM004537.1	16462839	16468206
CM004537.1	17090505	17096718
CM004537.1	17331490	17345218
CM004537.1	17349152	17349735
CM004537.1	17350113	17361283
CM004537.1	17262624	17264684
CM004537.1	17604208	17623700
CM004537.1	17548493	17553455
CM004537.1	17755946	17765726
CM004537.1	18205759	18207967
CM004537.1	18174295	18199366
CM004537.1	18154987	18158791
CM004537.1	18164237	18171087
CM004537.1	18100984	18131206
CM004537.1	17988595	17995343
CM004537.1	18016566	18026419
CM004537.1	18379650	18387563
CM004537.1	18469453	18472261
CM004537.1	18447207	18450591
CM004537.1	18484189	18491505
CM004537.1	18403253	18415243
CM004537.1	18431073	18446356
CM004537.1	18516418	18518065
CM004537.1	18455899	18462154
CM004537.1	18517005	18528598
CM004537.1	18415995	18423657
CM004537.1	18494412	18501252
CM004537.1	18303496	18309172
CM004537.1	18472740	18482873
CM004537.1	18314165	18336496
CM004537.1	18300073	18300293
CM004537.1	18786214	18797445
CM004537.1	18808580	18813853
CM004537.1	18763010	18783294
CM004537.1	18661245	18663436
CM004537.1	18669628	18687887
CM004537.1	18798103	18806844
CM004537.1	19183356	19194710
CM004537.1	19195816	19201107
CM004537.1	19716720	19719148
CM004537.1	20075456	20079121
CM004537.1	19962478	19967250
CM004537.1	19922796	19939583
CM004537.1	20032757	20037967
CM004537.1	20063149	20071211
CM004537.1	19972775	19998342
CM004537.1	19946577	19949533
CM004537.1	20048993	20051368
CM004537.1	19951442	19957812
CM004537.1	19904926	19913808
CM004537.1	20096741	20112796
CM004537.1	20172502	20199015
CM004537.1	21037309	21075838
CM004537.1	20980645	21006286
CM004537.1	21007092	21019992
CM004542.1	2646684	2649485
CM004542.1	2565716	2580638
CM004542.1	2659232	2662171
CM004542.1	2585946	2595789
CM004542.1	2672927	2685247
CM004542.1	2664648	2669564
CM004542.1	2772289	2775574
CM004542.1	2781811	2785947
CM004542.1	2710986	2716128
CM004542.1	2910884	2926966
CM004542.1	2827986	2834936
CM004542.1	2958139	2961947
CM004542.1	2934989	2940108
CM004542.1	3174132	3179475
CM004542.1	3209141	3226504
CM004542.1	3133795	3137297
CM004542.1	3125413	3130374
CM004542.1	3057587	3064494
CM004542.1	3100325	3122392
CM004542.1	3093514	3096003
CM004542.1	3230151	3235504
CM004542.1	3198101	3203752
CM004542.1	3006478	3032000
CM004542.1	3504677	3506181
CM004542.1	3404203	3412490
CM004542.1	3547032	3548837
CM004542.1	3276580	3281328
CM004542.1	3330314	3332247
CM004542.1	3315964	3323047
CM004542.1	3545030	3546583
CM004542.1	3506263	3526674
CM004542.1	3416365	3423382
CM004542.1	3437462	3444265
CM004542.1	3285362	3303296
CM004542.1	3550136	3551350
CM004542.1	3449297	3455420
CM004542.1	3427852	3430095
CM004542.1	3334794	3341529
CM004542.1	3530113	3532114
CM004542.1	3472521	3475770
CM004542.1	3844801	3852547
CM004542.1	3622047	3623817
CM004542.1	3698588	3734816
CM004542.1	3861021	3888090
CM004542.1	3692965	3696456
CM004542.1	3628117	3629967
CM004542.1	3685114	3689548
CM004542.1	3750400	3751388
CM004542.1	3671636	3680710
CM004542.1	3758726	3773396
CM004542.1	3635366	3640304
CM004542.1	4095977	4113325
CM004542.1	3893653	3898655
CM004542.1	3993457	3995919
CM004542.1	3912155	3919507
CM004542.1	4151950	4175525
CM004542.1	4198302	4203096
CM004542.1	4267783	4271781
CM004542.1	4235471	4256143
CM004542.1	4179227	4192851
CM004542.1	4274682	4276840
CM004542.1	4207539	4212511
CM004542.1	4195159	4197430
CM004542.1	4417637	4431535
CM004542.1	4280924	4287009
CM004542.1	4261361	4265215
CM004542.1	4682859	4693461
CM004542.1	4705548	4711069
CM004542.1	4570436	4571380
CM004542.1	5134359	5161339
CM004542.1	5166765	5178649
CM004542.1	5620690	5635304
CM004542.1	5648028	5672036
CM004542.1	5426065	5439556
CM004542.1	5415717	5426025
CM004542.1	5511148	5517920
CM004542.1	5542773	5545946
CM004542.1	5563665	5584329
CM004542.1	5465022	5467373
CM004542.1	5639381	5648149
CM004542.1	5451669	5457302
CM004542.1	5518971	5520945
CM004542.1	5613728	5618072
CM004542.1	5892743	5903667
CM004542.1	5926239	5928777
CM004542.1	5905557	5909249
CM004542.1	6254874	6255767
CM004542.1	6029189	6034510
CM004542.1	6061464	6093256
CM004542.1	6002994	6013285
CM004542.1	6129743	6132199
CM004542.1	6220976	6246335
CM004542.1	6258661	6263721
CM004542.1	6256601	6257419
CM004542.1	6264992	6274193
CM004542.1	6530681	6539381
CM004542.1	6368575	6380749
CM004542.1	6660562	6670367
CM004542.1	6614249	6621349
CM004542.1	6642855	6646159
CM004542.1	7122032	7129221
CM004542.1	6982764	6988987
CM004542.1	7084635	7103450
CM004542.1	6958912	6969473
CM004542.1	7152746	7171926
CM004542.1	7133437	7146548
CM004542.1	6973884	6980413
CM004542.1	7270609	7289525
CM004542.1	7216612	7234810
CM004542.1	7179803	7201759
CM004542.1	8613310	8625791
CM004542.1	8585215	8602679
CM004542.1	8293080	8306474
CM004542.1	8465394	8468929
CM004542.1	8482294	8487216
CM004542.1	8474712	8475529
CM004542.1	8426317	8461321
CM004542.1	8495697	8553559
CM004542.1	8416574	8423984
CM004542.1	8711177	8714806
CM004542.1	8827741	8856869
CM004542.1	8863838	8878175
CM004542.1	8738703	8752050
CM004542.1	8725268	8733194
CM004542.1	8637507	8647497
CM004542.1	8718646	8722318
CM004542.1	9569720	9572245
CM004542.1	9563531	9566247
CM004542.1	9578456	9581701
CM004542.1	9496093	9509149
CM004542.1	9485696	9487645
CM004542.1	9494528	9495268
CM004542.1	9744192	9746840
CM004542.1	9873563	9876703
CM004542.1	9866098	9869388
CM004542.1	9749624	9755415
CM004542.1	9838636	9841626
CM004542.1	9690383	9697185
CM004542.1	9717136	9735983
CM004542.1	9739437	9741418
CM004542.1	9848714	9865700
CM004542.1	9655483	9675796
CM004542.1	9828637	9838209
CM004542.1	9703200	9711102
CM004542.1	9611517	9621782
CM004542.1	10124505	10125248
CM004542.1	10165354	10171009
CM004542.1	10040883	10054192
CM004542.1	9934240	9940226
CM004542.1	10107671	10114591
CM004542.1	9992188	10009676
CM004542.1	10130200	10143658
CM004542.1	10146391	10149000
CM004542.1	10126433	10129037
CM004542.1	10178003	10191176
CM004542.1	10016176	10022624
CM004542.1	9943278	9962910
CM004542.1	9977344	9991813
CM004542.1	9887694	9901201
CM004542.1	9965743	9968258
CM004542.1	9969636	9971102
CM004542.1	9940399	9942974
CM004542.1	10473663	10485423
CM004542.1	10382366	10403782
CM004542.1	10289377	10292153
CM004542.1	10306766	10368442
CM004542.1	10407414	10410761
CM004542.1	10268488	10283861
CM004542.1	10429652	10441987
CM004542.1	10372814	10375284
CM004542.1	10458878	10470633
CM004542.1	10452232	10457595
CM004542.1	10214683	10222575
CM004542.1	10223076	10226527
CM004542.1	10574320	10575081
CM004542.1	10698361	10701909
CM004542.1	10753262	10755193
CM004542.1	10679197	10693894
CM004542.1	10502323	10530411
CM004542.1	10649774	10652283
CM004542.1	10722762	10740480
CM004542.1	10716749	10721180
CM004542.1	10705646	10711385
CM004542.1	10579214	10588892
CM004542.1	10755879	10785494
CM004542.1	10548990	10551841
CM004542.1	10702373	10703977
CM004542.1	10846471	10847712
CM004542.1	10896992	10899656
CM004542.1	11011191	11017360
CM004542.1	10852163	10863375
CM004542.1	10786331	10799838
CM004542.1	10881450	10889000
CM004542.1	10800963	10810784
CM004542.1	10828472	10829615
CM004542.1	11022521	11036432
CM004542.1	10989153	11003369
CM004542.1	10901883	10903859
CM004542.1	10907178	10911456
CM004542.1	10969079	10978447
CM004542.1	10922838	10940076
CM004542.1	11052543	11063180
CM004542.1	11257686	11269421
CM004542.1	11276706	11289061
CM004542.1	11235234	11243174
CM004542.1	11112692	11119913
CM004542.1	11087697	11091400
CM004542.1	11289910	11296970
CM004542.1	11093708	11102191
CM004542.1	11244969	11248893
CM004542.1	11123128	11131329
CM004542.1	11535009	11536576
CM004542.1	11400590	11421597
CM004542.1	11445900	11451046
CM004542.1	11540437	11543199
CM004542.1	11476384	11485467
CM004542.1	11452644	11462272
CM004542.1	11494141	11496556
CM004542.1	11563825	11566497
CM004542.1	11434834	11439385
CM004542.1	11511922	11522223
CM004542.1	11440369	11444366
CM004542.1	11576484	11582952
CM004542.1	11426397	11434168
CM004542.1	11570913	11572909
CM004542.1	11549616	11551347
CM004542.1	11589382	11592487
CM004542.1	11671761	11687106
CM004542.1	11828873	11831218
CM004542.1	11824620	11828177
CM004542.1	11694399	11697878
CM004542.1	11818355	11821752
CM004542.1	11797709	11805259
CM004542.1	11832487	11847386
CM004542.1	11805890	11813289
CM004542.1	11849432	11898100
CM004542.1	11759222	11765442
CM004542.1	11900250	11902095
CM004542.1	11698028	11702263
CM004542.1	11813645	11817070
CM004542.1	11769271	11772939
CM004542.1	11726720	11753816
CM004542.1	11777046	11795275
CM004542.1	12019851	12023739
CM004542.1	12041640	12064847
CM004542.1	12153646	12154326
CM004542.1	12418258	12454930
CM004542.1	12408940	12410508
CM004542.1	12385383	12401744
CM004542.1	12359737	12379084
CM004542.1	12666877	12684061
CM004542.1	13110441	13119876
CM004542.1	13445333	13447009
CM004542.1	13184456	13191771
CM004542.1	13952391	13956681
CM004542.1	14017775	14030556
CM004542.1	13514684	13527115
CM004542.1	13926199	13939989
CM004542.1	13641643	13645265
CM004542.1	13532323	13556596
CM004542.1	13626075	13631692
CM004542.1	13700178	13701010
CM004542.1	13513371	13514204
CM004538.1	116210	126161
CM004538.1	27721	32657
CM004538.1	110901	113038
CM004538.1	97430	110411
CM004538.1	14014408	14029958
CM004538.1	13999378	14008232
CM004538.1	14033878	14038676
CM004538.1	14064079	14071720
CM004538.1	14101060	14104471
CM004538.1	14107636	14110789
CM004538.1	14189281	14195671
CM004538.1	14117633	14123892
CM004538.1	14131262	14154530
CM004538.1	14212166	14221034
CM004538.1	15549143	15551901
CM004538.1	15749509	15750728
CM004538.1	15625726	15629798
CM004538.1	15737648	15743631
CM004538.1	15706157	15720323
CM004538.1	15610850	15617531
CM004538.1	15595310	15603882
CM004538.1	15654593	15658294
CM004538.1	15662440	15684196
CM004538.1	15889396	15890947
CM004538.1	16037175	16042400
CM004538.1	15903151	15906414
CM004538.1	15967851	16002368
CM004538.1	16081478	16087015
CM004538.1	15910362	15918364
CM004538.1	16092559	16100208
CM004538.1	16009302	16013522
CM004538.1	17050432	17072115
CM004538.1	17025470	17040125
CM004538.1	17075390	17085049
CM004538.1	16948536	16953831
CM004538.1	17383238	17384892
CM004538.1	17219317	17226172
CM004538.1	17161546	17168765
CM004538.1	17378496	17382730
CM004538.1	17341171	17350052
CM004538.1	17240766	17245943
CM004538.1	17247108	17258817
CM004538.1	17353609	17357414
CM004538.1	17735277	17746890
CM004538.1	17982607	17988595
CM004538.1	17719840	17720705
CM004538.1	17762288	17764751
CM004538.1	17727773	17729257
CM004538.1	18008691	18013046
CM004538.1	18499322	18503029
CM004538.1	18869451	18873352
CM004538.1	18838296	18843653
CM004538.1	18804520	18826142
CM004538.1	18827736	18828837
CM004538.1	18883543	18884825
CM004538.1	18688747	18689505
CM004538.1	18991629	18994696
CM004538.1	18901587	18903819
CM004538.1	19123542	19127193
CM004538.1	18932791	18935137
CM004538.1	19134157	19148700
CM004538.1	18980768	18988862
CM004538.1	19006304	19014597
CM004538.1	18895544	18900812
CM004538.1	18905048	18926211
CM004538.1	18888566	18892273
CM004538.1	18938473	18940346
CM004538.1	19127786	19128648
CM004538.1	19128696	19129755
CM004538.1	19297438	19302321
CM004538.1	19411350	19416318
CM004538.1	19477189	19479386
CM004538.1	19340654	19346547
CM004538.1	19426818	19434039
CM004538.1	19488955	19495408
CM004538.1	19269259	19295741
CM004538.1	19418455	19422001
CM004538.1	19482125	19488236
CM004538.1	19458180	19474485
CM004538.1	19395758	19409407
CM004538.1	19305155	19311133
CM004538.1	19389528	19392803
CM004538.1	19316653	19320742
CM004538.1	19329110	19331892
CM004538.1	19440439	19443924
CM004538.1	19445199	19452016
CM004538.1	19480909	19481386
CM004538.1	19434295	19434999
CM004538.1	19324350	19326978
CM004538.1	19313748	19315549
CM004538.1	19435981	19436903
CM004538.1	19335633	19340166
CM004538.1	19527161	19531252
CM004538.1	19570758	19584757
CM004538.1	19505874	19507435
CM004538.1	19618668	19624611
CM004538.1	19497938	19500955
CM004538.1	19502992	19505308
CM004538.1	19626179	19629271
CM004538.1	19510457	19515787
CM004538.1	19501785	19502434
CM004538.1	19593051	19594542
CM004538.1	20038187	20040640
CM004538.1	20107364	20117452
CM004538.1	20340476	20344040
CM004538.1	20255038	20258735
CM004538.1	20377100	20385484
CM004538.1	20365923	20371152
CM004538.1	20278040	20303707
CM004538.1	20317504	20335685
CM004538.1	20386112	20399683
CM004538.1	20414432	20419151
CM004538.1	20348716	20358834
CM004538.1	20224569	20233582
CM004538.1	20240114	20245475
CM004538.1	20235860	20238838
CM004538.1	20375331	20377111
CM004538.1	20409364	20413940
CM004538.1	20422530	20430905
CM004538.1	20265267	20267333
CM004535.1	30114000	30118591
CM004535.1	30283646	30287738
CM004535.1	30141944	30151064
CM004535.1	30223485	30234167
CM004535.1	30249491	30259787
CM004535.1	30176769	30192549
CM004535.1	30169039	30173067
CM004535.1	30195892	30213767
CM004535.1	30260457	30264211
CM004535.1	30268693	30271509
CM004535.1	30522198	30526482
CM004535.1	30577363	30579552
CM004535.1	30539527	30553214
CM004535.1	30569861	30574464
CM004535.1	30303304	30309467
CM004535.1	30582392	30586082
CM004535.1	30533637	30537655
CM004535.1	30740160	30754343
CM004535.1	30617569	30633115
CM004535.1	30686409	30700276
CM004535.1	30653017	30656363
CM004535.1	30594433	30600038
CM004535.1	30664186	30671135
CM004535.1	30820064	30825991
CM004535.1	30785710	30790289
CM004535.1	30637764	30648064
CM004535.1	30882568	30883533
CM004535.1	30970177	30978537
CM004535.1	30956237	30961251
CM004535.1	30981814	30993882
CM004535.1	30962445	30964921
CM004535.1	30905992	30906360
CM004535.1	43314763	43315834
CM004535.1	43480186	43486182
CM004535.1	43412976	43431665
CM004535.1	43448032	43452959
CM004535.1	43286945	43303351
CM004535.1	43328243	43330895
CM004535.1	43395875	43408951
CM004535.1	43702892	43709001
CM004535.1	43583334	43590756
CM004535.1	43652930	43655849
CM004535.1	43605507	43625069
CM004535.1	43499834	43504116
CM004535.1	44372964	44375728
CM004535.1	44386395	44390501
CM004535.1	44380354	44384805
CM004535.1	44278676	44279737
CM004535.1	44169493	44185402
CM004535.1	44285145	44285543
CM004535.1	44419390	44432659
CM004535.1	44412124	44417497
CM004535.1	44439107	44456004
CM004535.1	44435909	44438313
CM004535.1	44467622	44494279
CM004535.1	44457876	44462383
CM004535.1	44398148	44406027
CM004535.1	44650432	44658996
CM004535.1	44616929	44618011
CM004535.1	44695623	44700976
CM004535.1	44899834	44907046
CM004535.1	44719277	44726572
CM004535.1	44862971	44869479
CM004535.1	44797358	44841912
CM004535.1	47036927	47061262
CM004535.1	47941508	47957018
CM004535.1	48725878	48731249
CM004535.1	48744604	48747110
CM004535.1	48819229	48853296
CM004535.1	48761042	48766809
CM004535.1	48739845	48741798
CM004535.1	48734481	48740430
CM004535.1	48690406	48696682
CM004535.1	48773849	48776295
CM004535.1	48756564	48758039
CM004535.1	48748125	48754441
CM004535.1	48767795	48771162
CM004535.1	48854081	48854910
CM004535.1	48893208	48899267
CM004535.1	48914767	48927194
CM004535.1	49531832	49541465
CM004535.1	49578713	49585799
CM004535.1	49592012	49598334
CM004535.1	49620790	49622005
CM004535.1	49630357	49641528
CM004535.1	49386714	49388810
CM004535.1	49506979	49526579
CM004535.1	49647930	49650903
