chr10,10961439,10961484
chr10,11109387,11109441
chr10,11260302,11260361
chr10,5775562,5775615
chr10,6416998,6417053
chr11,11071613,11071676
chr11,8582639,8582694
chr11,8950429,8950496
chr12,11259769,11259813
chr12,5936048,5936108
chr12,7366731,7366788
chr12,8574528,8574593
chr12,9715579,9715699
chr13,14284004,14284103
chr13,6493506,6493564
chr14,7533861,7533933
chr14,8346404,8346457
chr15,1008060,2029421
chr15,8743228,8743285
chr18,3582739,3582805
chr18,7109367,7109435
chr19,2033267,2033320
chr19,4115185,4115285
chr1A,13835676,13835755
chr1A,150341,257100
chr1A,19329145,19331072
chr1A,25994791,25994868
chr1A,30079725,30079774
chr1A,34737555,34737661
chr1A,35260254,35260313
chr1A,36823965,36824915
chr1A,38919147,38919226
chr1A,41279595,41279674
chr1A,41323900,41323954
chr1A,42518659,42518700
chr1A,4361724,4361789
chr1A,50932265,50932344
chr1A,64133659,64133716
chr1A,66438151,66438628
chr1A,66438163,66438702
chr1A,67944171,67944264
chr1A,68054604,68054665
chr1A,68160148,68160222
chr1A,69372522,69372572
chr1,100282505,100282582
chr1,101811033,101811389
chr1,102751157,102751214
chr1,103381240,103381316
chr1,44554917,44554984
chr1,46239518,46239586
chr1,46881163,46881225
chr1,52606839,52606907
chr1,54580172,54580520
chr1,64106653,64106840
chr1,64106671,64106886
chr1,6718627,6718690
chr1,67302982,67303052
chr1,6753574,6753636
chr1,6764615,6764668
chr1,7110012,7110058
chr1,72488011,72488086
chr1,7251411,7251472
chr1,74763167,74763251
chr1,78735829,78735888
chr1,80979572,80981365
chr1,8127077,8127142
chr1,81358040,81358125
chr1,82078069,82078500
chr1,82078124,82078517
chr1,87416404,87416463
chr1,90454781,90454860
chr1,91633765,91633896
chr1,94702921,94702971
chr1,95461582,95461638
chr1,96978192,96978266
chr20,11485617,11485750
chr20,5380893,5380963
chr21,2783316,2783365
chr24,5303181,5303443
chr2,113856928,113857000
chr2,114777280,114777436
chr2,125315303,125315397
chr2,129785701,129786427
chr2,138884882,138885035
chr2,144021488,144021540
chr2,147318023,147343907
chr2,15653737,15653819
chr2,17190808,17190875
chr2,19670123,19670186
chr2,20404600,20404680
chr2,25701004,25701098
chr2,28734284,28734352
chr2,32428825,32428891
chr2,38058707,38058759
chr2,43702679,43706372
chr2,43936748,43936860
chr2,46660453,46662046
chr2,52062866,52062947
chr2,55426058,55426199
chr2,59768999,59769062
chr2,64631430,64631474
chr2,70531957,70544002
chr2,81593822,81593877
chr2,82688436,82688495
chr2,82902369,82902413
chr2,86239935,98597872
chr2,87440765,87440844
chr2,91698494,91698613
chr3,10251420,10251494
chr3,1300212,1300315
chr3,1359120,1359186
chr3,18339006,18339072
chr3,20613852,20613912
chr3,22132600,22132639
chr3,2439663,2439747
chr3,3726133,3726210
chr3,42598223,42598277
chr3,44385444,44385497
chr3,4447252,4448092
chr3,45918823,45918888
chr3,47438206,47438267
chr3,51092980,51093063
chr3,52026806,52026858
chr3,53588503,53588543
chr3,54379776,54381835
chr3,55787665,55787728
chr3,59186989,59187062
chr3,6457443,6457511
chr3,66181405,66181757
chr3,67258752,67258804
chr3,68436233,68436277
chr3,73571336,73571437
chr3,78738831,78738901
chr3,78803584,78803635
chr3,82810190,82810355
chr3,84550012,84550077
chr3,87914420,87914490
chr3,89372185,89372468
chr3,89795033,89795099
chr3,94774642,94774707
chr3,948382,948435
chr3,94859689,94859788
chr3,96181500,96181561
chr4,11946169,11946232
chr4,14992068,14992164
chr4,16693892,16693954
chr4,17066528,17067792
chr4,17256773,17256839
chr4,21400963,21401010
chr4,22549869,22549929
chr4,23711040,23711097
chr4,23936419,23936508
chr4,28587267,28587329
chr4,30193949,30194011
chr4,31257356,31257422
chr4,31437069,31437114
chr4,31439542,31439629
chr4,32537904,32537956
chr4,35736765,35736903
chr4,36732006,36732132
chr4,37545492,37545555
chr4,38682160,38682237
chr4,4172903,4173039
chr4,49647824,49647879
chr4,5389878,5389939
chr4,55592168,55592244
chr4,5664227,5664366
chr4,58445258,58445311
chr4,59550800,59550860
chr4,61452731,61452788
chr4,62816814,62816905
chr5,10997736,10997799
chr5,11196923,11196986
chr5,11234211,11234254
chr5,11979435,11979489
chr5,18970605,18970673
chr5,26071069,26071138
chr5,26582031,26582117
chr5,29930820,29930903
chr5,30053701,30053755
chr5,35174714,35174761
chr5,41217046,41217124
chr5,44349762,44349841
chr5,4466678,4466732
chr5,45091364,45091805
chr5,46889171,46890626
chr5,51398397,51398468
chr5,55025991,55026044
chr5,56852369,56852417
chr5,6039622,6039670
chr5,6222332,6222404
chr5,6732497,6732545
chr5,7043385,7043446
chr5,9510124,9510203
chr6,1003031,1053139
chr6,12823275,12823338
chr6,19815891,19815962
chr6,20558112,20558183
chr6,20847617,20847664
chr6,21487133,21487185
chr6,24297311,24297417
chr6,24748724,24748775
chr6,25349629,25349675
chr6,25382278,25382333
chr6,25632447,25632512
chr6,25872510,25872613
chr6,30024498,30024582
chr6,31359029,31359079
chr6,4670177,4670232
chr6,7373854,7373910
chr6,7391020,7391086
chr6,8283985,8284041
chr7,12285538,12285593
chr7,12441247,12441299
chr7,13128865,13128930
chr7,13398284,13398425
chr7,1415843,1415914
chr7,14461060,14461134
chr7,16942701,16942750
chr7,22312533,22312602
chr7,26386448,26386504
chr7,28882495,28882557
chr7,29632175,29632227
chr7,30260419,30260494
chr7,3270245,3270298
chr7,3619684,3619728
chr7,4462103,4462150
chr7,5857664,5857722
chr7,7757964,7758037
chr8,14889564,14889620
chr8,16170406,16170460
chr8,16413521,16413569
chr8,16542386,16542429
chr8,16657227,16657301
chr8,17033759,17033837
chr8,18394174,18394230
chr8,20839909,20840001
chr8,27590014,27590072
chr8,28138815,28138887
chr8,32000986,32001056
chr8,38758267,38758332
chr8,38775164,38775220
chr8,39319630,39319680
chr8,40561944,40562002
chr8,9030087,9030135
chr8,9132060,9132126
chr9,12695322,12695463
chr9,14018858,14019058
chr9,16235880,16235935
chr9,18329043,18329090
chr9,19084239,19084299
chr9,19540688,19540741
chr9,3909679,3909797
chr9,5355422,5355473
chr9,6592311,6592362
chrZ,49789968,49791285
chrZ,52017668,52017730
chrZ,52388465,52388559
chrZ,57391968,57392147
chrZ,9618566,9618632
