chr1,5603173,5603226
chr1,6753575,6753636
chr1,10082277,10082354
chr1,19104146,19104215
chr1,46239519,46239586
chr1,47856625,47856677
chr1,54580179,54580520
chr1,60728434,60728485
chr1,64106671,64106886
chr1,72488013,72488086
chr1,74734904,74734962
chr1,74763169,74763250
chr1,81358041,81358125
chr1,87416405,87416463
chr1,90433460,90433520
chr1,92850386,92850445
chr1,95461583,95461641
chr10,11260303,11260355
chr11,4626563,4626610
chr11,11071614,11071677
chr12,7191051,7191100
chr12,7366732,7366788
chr12,8574517,8574633
chr14,7533862,7533933
chr17,3026902,3026974
chr18,7109368,7109435
chr19,7980990,7981310
chr1A,19329146,19331072
chr1A,24300030,24300088
chr1A,24451585,24451632
chr1A,28426263,28426317
chr1A,34737556,34737662
chr1A,36823966,36824915
chr1A,43228157,43228210
chr1A,50932267,50932343
chr1A,66438164,66438702
chr1A,68160149,68160222
chr1A,69372523,69372572
chr2,15653738,15653819
chr2,28734289,28734352
chr2,37314965,37315018
chr2,46660454,46662046
chr2,55426059,55426199
chr2,64631431,64631480
chr2,64837574,64837656
chr2,87440766,87440844
chr2,91698494,91698613
chr2,113856929,113856999
chr2,138884883,138885035
chr2,144026132,144026172
chr20,11485618,11485750
chr23,6179264,6179741
chr24,5303182,5303443
chr3,1359121,1359186
chr3,2439663,2439746
chr3,4447253,4448092
chr3,7523857,7523914
chr3,10251422,10251494
chr3,18339007,18339072
chr3,27794925,27794972
chr3,42598224,42598277
chr3,47438207,47438269
chr3,51092981,51093063
chr3,54379777,54381835
chr3,59186988,59187062
chr3,66181404,66181757
chr3,83012219,83012263
chr3,89372186,89372468
chr4,631954,632008
chr4,4172902,4173038
chr4,5389879,5389939
chr4,10805119,10805167
chr4,11946170,11946232
chr4,14992069,14992165
chr4,22549870,22549929
chr4,28397511,28397567
chr4,31439543,31439629
chr4,31809054,31809102
chr4,41461239,41461299
chr4,47736953,47737011
chr4,48448611,48448656
chr4,58445259,58445311
chr5,1853924,1853973
chr5,21716554,21716623
chr5,26582032,26582117
chr5,28318364,28318467
chr5,34468303,34468362
chr5,45091367,45091805
chr5,56619629,56620077
chr6,5927506,5927878
chr6,5927549,5927823
chr6,5927597,5927838
chr6,7391021,7391085
chr6,8283986,8284041
chr6,12823279,12823338
chr6,19815892,19815962
chr6,20558113,20558183
chr6,23122802,23122861
chr6,23769448,23769500
chr6,24297311,24297417
chr6,25382279,25382333
chr6,28373326,28373385
chr6,32672619,32672682
chr7,7757965,7758037
chr7,9938964,9939041
chr7,10360449,10360510
chr7,13398284,13398425
chr7,14461061,14461134
chr7,15695747,15695798
chr7,22312534,22312602
chr7,28764345,28764461
chr8,9132061,9132126
chr8,16164414,16164477
chr8,20839910,20840001
chr8,32000987,32001056
chr8,39319631,39319680
chr8,46150201,46150266
chr9,3909680,3909797
chr9,6592312,6592362
chr9,13937312,13937372
chr9,19540689,19540741
chrZ,9618568,9618632
chrZ,24450612,24708036
chrZ,49789969,49791285
chrZ,52388467,52388558
chrZ,57391969,57392143
chrZ,65142685,65142759
