CM004525.1,4361723,4361789
CM004525.1,23631532,23631594
CM004525.1,24666746,24666789
CM004525.1,29560822,29560872
CM004525.1,30663466,30663509
CM004525.1,31391226,31391267
CM004525.1,37457096,37457150
CM004525.1,43453503,43453551
CM004525.1,49449967,49450018
CM004525.1,54476149,54476188
CM004525.1,54532536,54532610
CM004525.1,56930376,56930428
CM004525.1,60758887,60758930
CM004525.1,60805239,60805282
CM004525.1,68907081,68907131
CM004527.1,20620184,20620240
CM004527.1,44747991,44748035
CM004527.1,47041821,47041883
CM004527.1,64138390,64138476
CM004528.1,4590903,4590961
CM004528.1,12294503,12294571
CM004528.1,13668009,13668071
CM004528.1,14818422,14818475
CM004528.1,26555556,26555626
CM004528.1,30171277,30171344
CM004528.1,67837643,67837695
CM004528.1,68049056,68049828
CM004528.1,74734902,74734963
CM004528.1,74801700,74801743
CM004528.1,80054906,80054952
CM004528.1,86541718,86541761
CM004528.1,87580889,87580931
CM004528.1,92621894,92621951
CM004528.1,93380562,93380610
CM004528.1,95233087,95233148
CM004528.1,100124749,100124808
CM004528.1,103329836,103329881
CM004529.1,15625882,15627288
CM004529.1,15653737,15653819
CM004529.1,18364491,18364543
CM004529.1,27741385,27741433
CM004529.1,32785910,32785954
CM004529.1,35453162,35453215
CM004529.1,37314964,37315018
CM004529.1,39541570,39541740
CM004529.1,41655894,41655975
CM004529.1,42221687,42221732
CM004529.1,56261220,56261265
CM004529.1,62157379,62157428
CM004529.1,62814750,62814815
CM004529.1,64837572,64837656
CM004529.1,67099873,67099920
CM004529.1,76070488,76070547
CM004529.1,82688836,82688878
CM004529.1,91698492,91698613
CM004529.1,105566766,105566820
CM004529.1,105657885,105657931
CM004529.1,130250851,130250901
CM004529.1,144021488,144021540
CM004530.1,888315,888399
CM004530.1,2379626,2379681
CM004530.1,3949773,3949811
CM004530.1,7399610,7399668
CM004530.1,18339006,18339072
CM004530.1,25437137,25437189
CM004530.1,33834138,33834184
CM004530.1,39070502,39070543
CM004530.1,47438204,47438269
CM004530.1,47821522,47821565
CM004530.1,51092980,51093064
CM004530.1,59111317,59111374
CM004530.1,60529642,60531699
CM004530.1,61009160,61009209
CM004530.1,66181406,66181757
CM004530.1,73299229,73299292
CM004530.1,75302584,75302657
CM004530.1,80372363,80372416
CM004530.1,81538590,81538651
CM004530.1,82534793,82534837
CM004530.1,83012218,83012275
CM004530.1,87935939,87935999
CM004530.1,89372185,89372468
CM004530.1,89795033,89795099
CM004530.1,93446803,93446852
CM004530.1,94859689,94859789
CM004530.1,97124928,97124969
CM004530.1,104923847,104923898
CM004531.1,787577,787632
CM004531.1,2169500,2169560
CM004531.1,4172901,4173038
CM004531.1,5389878,5389940
CM004531.1,6610294,6610344
CM004531.1,11813186,11813233
CM004531.1,21599469,21599515
CM004531.1,22549868,22549930
CM004531.1,23711039,23711098
CM004531.1,31809053,31809102
CM004531.1,36817139,36817198
CM004531.1,37238842,37238889
CM004531.1,37545492,37545555
CM004531.1,40705498,40705559
CM004531.1,42418372,42418420
CM004531.1,58445257,58445311
CM004532.1,1853923,1853975
CM004532.1,4466678,4466732
CM004532.1,7043385,7043447
CM004532.1,22569000,22569048
CM004532.1,24915502,24915552
CM004532.1,26971814,26971868
CM004532.1,40570272,40570350
CM004532.1,49641602,49642041
CM004533.1,2337545,2337630
CM004533.1,2778016,2778060
CM004533.1,3298163,3298219
CM004533.1,6911971,6912028
CM004533.1,22717104,22717166
CM004533.1,23878837,23878885
CM004533.1,25740814,25740860
CM004533.1,26793072,26793179
CM004533.1,27320989,27321044
CM004533.1,27967627,27967689
CM004533.1,30242822,30242874
CM004533.1,30532304,30532378
CM004534.1,4674482,4674527
CM004534.1,5985740,5985798
CM004534.1,10583008,10583072
CM004534.1,12763997,12764071
CM004534.1,13398284,13398425
CM004534.1,14377841,14377899
CM004534.1,14461060,14461134
CM004534.1,15695746,15695798
CM004534.1,18727747,18727790
CM004534.1,24333212,24333261
CM004534.1,28300252,28300300
CM004534.1,28764343,28764461
CM004534.1,30225155,30225201
CM004534.1,30260419,30260495
CM004535.1,10404402,10404493
CM004535.1,12975984,12976025
CM004535.1,14701973,14702016
CM004535.1,14831499,14831543
CM004535.1,20244494,20244534
CM004535.1,23789315,23789373
CM004535.1,34093135,34093178
CM004535.1,35102120,35102162
CM004535.1,37073059,37073119
CM004535.1,38575545,38575591
CM004535.1,38775166,38775220
CM004535.1,38970716,38970783
CM004535.1,40597791,40597832
CM004536.1,2271655,2271802
CM004536.1,6592310,6592362
CM004536.1,13937310,13937373
CM004536.1,13976210,13976259
CM004536.1,14212609,14212654
CM004536.1,14221376,14221446
CM004536.1,14327024,14327076
CM004536.1,14417953,14418001
CM004536.1,16235880,16235935
CM004536.1,22216104,22216159
CM004537.1,5775562,5775616
CM004537.1,6507002,6507061
CM004538.1,4626562,4626611
CM004538.1,7951833,7951881
CM004538.1,8579543,8579580
CM004538.1,11071611,11071678
CM004539.1,7191050,7191100
CM004539.1,7366731,7366788
CM004540.1,4959593,4959648
CM004541.1,4662070,4662109
CM004542.1,11440657,11440702
CM004543.1,8953954,8954029
CM004544.1,6073605,6073657
CM004546.1,6864344,6864413
CM004546.1,9326017,9326150
CM004552.1,5130720,5130842
CM004552.1,5130732,5130792
